No,Product Type,Primary,On Primary,Secondary,On Secondary,Accent,On Accent,Background,Foreground,Card,Card Foreground,Muted,Muted Foreground,Border,Destructive,On Destructive,Ring,Keywords,Notes
1,SaaS (General),#2563EB,#FFFFFF,#3C83F6,#000000,#EA580C,#0F172A,#FFFFFF,#1E293B,#FFFFFF,#1E293B,#E9EFF8,#000000,#E2E8F0,#DC2626,#FFFFFF,#2563EB,cloud platform service software tool,"Trust blue + orange CTA contrast [Accent adjusted from #F97316 for WCAG 3:1] [High-risk replacement; AA text, component and focus contrast verified] | Scenario: saas|developer-tools|ai-products; Avoid: —; Origin confidence: 0.5; Recommendation: scenario-first; Evidence: token-only."
2,Micro SaaS,#027CBA,#FFFFFF,#0D9DDD,#000000,#16A34A,#0F172A,#FFFFFF,#0C4A6E,#FFFFFF,#0C4A6E,#E8F2F8,#000000,#E5E5E5,#DC2626,#FFFFFF,#027CBA,cloud platform service software tool,"Tech sky blue + orange CTA; bg neutralized [High-risk replacement; AA text, component and focus contrast verified] | Scenario: saas|developer-tools|ai-products; Avoid: —; Origin confidence: 0.5; Recommendation: scenario-first; Evidence: token-only."
3,E-commerce,#04875F,#FFFFFF,#1BA778,#000000,#7C3AED,#FFFFFF,#FFFFFF,#064E3B,#FFFFFF,#064E3B,#E8F1F3,#000000,#E5E5E5,#DC2626,#FFFFFF,#059669,hyperlocal services,"Success green + urgency orange [Accent adjusted from #F97316 for WCAG 3:1]; bg neutralized [High-risk replacement; AA text, component and focus contrast verified] | Scenario: e-commerce; Avoid: —; Origin confidence: 0.5; Recommendation: scenario-first; Evidence: token-only."
4,E-commerce Luxury,#59493E,#FFFFFF,#44403C,#FFFFFF,#A16207,#FFFFFF,#FAFAF9,#0C0A09,#FFFFFF,#0C0A09,#E8ECF0,#000000,#D6D3D1,#DC2626,#FFFFFF,#59493E,boutique exclusive high-end premium upscale luxury premium brand,"Premium dark + gold accent [Accent adjusted from #CA8A04 for WCAG 3:1] [High-risk replacement; AA text, component and focus contrast verified] | Scenario: e-commerce-luxury; Avoid: childcare|mass-market-discount; Origin confidence: 0.5; Recommendation: scenario-first; Evidence: token-only."
5,B2B Service,#203159,#FFFFFF,#334155,#FFFFFF,#0369A1,#FFFFFF,#FAFAF9,#020617,#FFFFFF,#020617,#F2F0EC,#000000,#E3E2DE,#DC2626,#FFFFFF,#203159,government public service,"Professional navy + blue CTA [High-risk replacement; AA text, component and focus contrast verified] | Scenario: b2b-service; Avoid: —; Origin confidence: 0.5; Recommendation: scenario-first; Evidence: token-only."
6,Financial Dashboard,#3E5FAD,#FFFFFF,#48638E,#FFFFFF,#D97706,#0F172A,#020617,#F8FAFC,#0E1223,#F8FAFC,#282E48,#94A3B8,#354358,#EF4343,#000000,#3E5FAD,analytics bank banking data finance fintech metrics money monitor overview,"Dark bg + amber data highlights [High-risk replacement; AA text, component and focus contrast verified] | Scenario: finance|banking|wealth-management; Avoid: —; Origin confidence: 0.5; Recommendation: scenario-first; Evidence: token-only."
7,Analytics Dashboard,#1E40AF,#FFFFFF,#3C83F6,#000000,#0D9488,#0F172A,#F8FAFC,#1E3A8A,#FFFFFF,#1E3A8A,#E9EEF6,#000000,#DBEAFE,#DC2626,#FFFFFF,#1E40AF,analytics chart dashboard data metrics monitor overview tracking,"Blue data + amber highlights [Accent adjusted from #F59E0B for WCAG 3:1] [High-risk replacement; AA text, component and focus contrast verified] | Scenario: saas|developer-tools|ai-products; Avoid: —; Origin confidence: 0.5; Recommendation: scenario-first; Evidence: token-only."
8,Healthcare App,#07819F,#FFFFFF,#34A1B2,#000000,#4F46E5,#FFFFFF,#FFFFFF,#164E63,#FFFFFF,#164E63,#E8F1F6,#000000,#E5E5E5,#DC2626,#FFFFFF,#0891B2,clinic health hospital medical wellness,"Calm cyan + health green; bg neutralized [High-risk replacement; AA text, component and focus contrast verified] | Scenario: healthcare-app; Avoid: high-energy-gaming|flash-sale; Origin confidence: 0.5; Recommendation: scenario-first; Evidence: token-only."
9,Educational App,#1E40AF,#FFFFFF,#3C83F6,#000000,#EA580C,#0F172A,#FFFFFF,#1E3A8A,#FFFFFF,#1E3A8A,#E9EEF6,#000000,#BFDBFE,#DC2626,#FFFFFF,#1E40AF,education learn learning school study teaching,"Rich academic blue + energetic orange; bg neutralized [High-risk replacement; AA text, component and focus contrast verified] | Scenario: education|learning|childcare; Avoid: —; Origin confidence: 0.5; Recommendation: scenario-first; Evidence: token-only."
10,Creative Agency,#D71676,#FFFFFF,#F14BA2,#000000,#059669,#0F172A,#FDF2F8,#831843,#FFFFFF,#831843,#F1EEF5,#000000,#FBCFE8,#DC2626,#FFFFFF,#EC4899,advertising creative marketing promotion studio marketing agency,"Bold pink + cyan accent [Accent adjusted from #06B6D4 for WCAG 3:1] [High-risk replacement; AA text, component and focus contrast verified] | Scenario: creative-agency; Avoid: —; Origin confidence: 0.5; Recommendation: scenario-first; Evidence: token-only."
11,Portfolio/Personal,#3E3E59,#FFFFFF,#3F3F46,#FFFFFF,#2563EB,#FFFFFF,#FAFAFA,#09090B,#FFFFFF,#09090B,#E8ECF0,#000000,#E4E4E7,#DC2626,#FFFFFF,#3E3E59,personal project resume showcase work,"Monochrome + blue accent [High-risk replacement; AA text, component and focus contrast verified] | Scenario: portfolio-personal; Avoid: —; Origin confidence: 0.5; Recommendation: scenario-first; Evidence: token-only."
12,Gaming,#803FEE,#FFFFFF,#A78BFA,#0F172A,#F43F5E,#0F172A,#0F0F23,#E2E8F0,#1E1C35,#E2E8F0,#31314A,#94A3B8,#5822AC,#EF4343,#000000,#803FEE,arcade entertainment fun game play puzzle,"Neon purple + rose action [High-risk replacement; AA text, component and focus contrast verified] | Scenario: saas|developer-tools|ai-products; Avoid: —; Origin confidence: 0.5; Recommendation: scenario-first; Evidence: token-only."
13,Fintech/Crypto,#F59E0B,#0F172A,#FBBF24,#0F172A,#8655F6,#FFFFFF,#0F172A,#F8FAFC,#222735,#F8FAFC,#2E374D,#94A3B8,#3B4B62,#EF4343,#000000,#F59E0B,bank banking bitcoin blockchain cryptocurrency defi finance financial money web3,"Gold trust + purple tech [High-risk replacement; AA text, component and focus contrast verified] | Scenario: finance|banking|wealth-management; Avoid: —; Origin confidence: 0.5; Recommendation: scenario-first; Evidence: token-only."
14,Social Media App,#DA1C46,#FFFFFF,#FA4C66,#000000,#2563EB,#FFFFFF,#FFF1F2,#881337,#FFFFFF,#881337,#F0ECF2,#000000,#FECDD3,#DC2626,#FFFFFF,#E11D48,social network community feed posts sharing followers,"Vibrant rose + engagement blue [High-risk replacement; AA text, component and focus contrast verified] | Scenario: social-media-app; Avoid: —; Origin confidence: 0.5; Recommendation: scenario-first; Evidence: token-only."
15,Productivity Tool,#0B8177,#FFFFFF,#2E9E92,#000000,#EA580C,#0F172A,#FAFAFA,#134E4A,#FFFFFF,#134E4A,#E8F1F4,#000000,#E5E5E5,#DC2626,#FFFFFF,#0D9488,efficiency organize task tool work,"Teal focus + action orange [Accent adjusted from #F97316 for WCAG 3:1]; bg neutralized [High-risk replacement; AA text, component and focus contrast verified] | Scenario: productivity-tool; Avoid: —; Origin confidence: 0.5; Recommendation: scenario-first; Evidence: token-only."
16,Design System/Component Library,#475569,#FFFFFF,#64748B,#FFFFFF,#16A34A,#0F172A,#FAFAFA,#1E293B,#FFFFFF,#1E293B,#EAEFF3,#000000,#E2E8F0,#DC2626,#FFFFFF,#475569,component kit library system ui,"Neutral slate + doc hierarchy orange [High-risk replacement; AA text, component and focus contrast verified] | Scenario: design-system-component-library; Avoid: —; Origin confidence: 0.5; Recommendation: scenario-first; Evidence: token-only."
18,NFT/Web3 Platform,#8655F6,#FFFFFF,#A78BFA,#0F172A,#0891B2,#0F172A,#0F0F23,#F8FAFC,#1E1D35,#F8FAFC,#31314A,#94A3B8,#5822AC,#EF4343,#000000,#8655F6,blockchain collectible crypto decentralized digital nft token web3,"Purple tech + gold value [High-risk replacement; AA text, component and focus contrast verified] | Scenario: saas|developer-tools|ai-products; Avoid: —; Origin confidence: 0.5; Recommendation: scenario-first; Evidence: token-only."
19,Creator Economy Platform,#D71676,#FFFFFF,#F14BA2,#000000,#A855F7,#0F172A,#FDF2F8,#831843,#FFFFFF,#831843,#F1EEF5,#000000,#E5E5E5,#DC2626,#FFFFFF,#EC4899,content creative influencer media social,"Creator pink + engagement orange [Accent adjusted from #F97316 for WCAG 3:1] [High-risk replacement; AA text, component and focus contrast verified] | Scenario: creator-economy-platform; Avoid: —; Origin confidence: 0.5; Recommendation: scenario-first; Evidence: token-only."
20,Remote Work/Collaboration Tool,#0B8177,#FFFFFF,#2E9E92,#000000,#DB2777,#FFFFFF,#FAFAFA,#134E4A,#FFFFFF,#134E4A,#E8F1F4,#000000,#E5E5E5,#DC2626,#FFFFFF,#0D9488,remote work collaboration team meeting virtual office productivity,"Collaborative teal + warm amber; bg neutralized [High-risk replacement; AA text, component and focus contrast verified] | Scenario: remote-work-collaboration-tool; Avoid: —; Origin confidence: 0.5; Recommendation: scenario-first; Evidence: token-only."
21,Mental Health App,#166534,#FFFFFF,#2FA259,#000000,#059669,#0F172A,#FAFAFA,#14532D,#FFFFFF,#14532D,#E8F0F1,#000000,#BBF7D0,#DC2626,#FFFFFF,#166534,clinic healthcare hospital medical wellness,"Healing forest green + wellness emerald; bg neutralized [High-risk replacement; AA text, component and focus contrast verified] | Scenario: mental-health-app; Avoid: high-energy-gaming|flash-sale; Origin confidence: 0.5; Recommendation: scenario-first; Evidence: token-only."
22,Pet Tech App,#BF5104,#FFFFFF,#E66A05,#000000,#2563EB,#FFFFFF,#FFF7ED,#9A3412,#FFFFFF,#9A3412,#F1F0F0,#000000,#FED7AA,#DC2626,#FFFFFF,#EF6506,animal cat dog kitten puppy,"Playful orange + trust blue [High-risk replacement; AA text, component and focus contrast verified] | Scenario: pet-tech-app; Avoid: regulated-finance|clinical-emergency; Origin confidence: 0.5; Recommendation: scenario-first; Evidence: token-only."
23,Smart Home/IoT Dashboard,#516F9F,#FFFFFF,#566E8F,#FFFFFF,#06B6D4,#0F172A,#0F172A,#F8FAFC,#1B2336,#F8FAFC,#2E374D,#94A3B8,#475569,#EF4343,#000000,#516F9F,analytics automation connected data decoration device home house interior iot living metrics monitor overview residential sensor smart,"Dark tech + cyan status indicators [High-risk replacement; AA text, component and focus contrast verified] | Scenario: home-interior|hospitality|lifestyle; Avoid: —; Origin confidence: 0.5; Recommendation: scenario-first; Evidence: token-only."
24,EV/Charging Ecosystem,#07819F,#FFFFFF,#34A1B2,#000000,#16A34A,#0F172A,#FFFFFF,#164E63,#FFFFFF,#164E63,#E8F1F6,#000000,#A5F3FC,#DC2626,#FFFFFF,#0891B2,electric vehicle charging station ev battery energy green,"Electric cyan + eco green [Accent adjusted from #22C55E for WCAG 3:1]; bg neutralized [High-risk replacement; AA text, component and focus contrast verified] | Scenario: ev-charging-ecosystem; Avoid: —; Origin confidence: 0.5; Recommendation: scenario-first; Evidence: token-only."
25,Subscription Box Service,#C012DA,#FFFFFF,#E04AF7,#000000,#EA580C,#0F172A,#FDF4FF,#86198F,#FFFFFF,#86198F,#F0EEF9,#000000,#F5D0FE,#DC2626,#FFFFFF,#D946EF,box membership package recurring,"Excitement purple + urgency orange [Accent adjusted from #F97316 for WCAG 3:1] [High-risk replacement; AA text, component and focus contrast verified] | Scenario: subscription-box-service; Avoid: —; Origin confidence: 0.5; Recommendation: scenario-first; Evidence: token-only."
26,Podcast Platform,#615AC4,#FFFFFF,#615DC5,#FFFFFF,#E11D48,#FFFFFF,#0F0F23,#F8FAFC,#1B1B30,#F8FAFC,#31314A,#94A3B8,#4338CA,#EF4343,#000000,#615AC4,audio episode listen show streaming,"Dark audio + warm accent [High-risk replacement; AA text, component and focus contrast verified] | Scenario: podcast-platform; Avoid: —; Origin confidence: 0.5; Recommendation: scenario-first; Evidence: token-only."
27,Dating App,#DA1C46,#FFFFFF,#FA4C66,#000000,#7C3AED,#FFFFFF,#FFF1F2,#881337,#FFFFFF,#881337,#F0ECF2,#000000,#FECDD3,#DC2626,#FFFFFF,#E11D48,love match relationship romance social,"Romantic rose + warm orange [Accent adjusted from #F97316 for WCAG 3:1] [High-risk replacement; AA text, component and focus contrast verified] | Scenario: dating-app; Avoid: —; Origin confidence: 0.5; Recommendation: scenario-first; Evidence: token-only."
28,Micro-Credentials/Badges Platform,#0369A1,#FFFFFF,#0D9DDD,#000000,#E11D48,#FFFFFF,#FFFFFF,#0C4A6E,#FFFFFF,#0C4A6E,#E7EFF5,#000000,#E5E5E5,#DC2626,#FFFFFF,#0369A1,credentials badges certification learning achievement digital certificate,"Trust blue + achievement gold [Accent adjusted from #CA8A04 for WCAG 3:1]; bg neutralized [High-risk replacement; AA text, component and focus contrast verified] | Scenario: education|learning|childcare; Avoid: —; Origin confidence: 0.5; Recommendation: scenario-first; Evidence: token-only."
29,Knowledge Base/Documentation,#475569,#FFFFFF,#64748B,#FFFFFF,#0D9488,#0F172A,#FAF9F5,#1E293B,#FFFFFF,#1E293B,#F2F0EC,#000000,#E3E2DE,#DC2626,#FFFFFF,#475569,documentation faq guide reference wiki,"Neutral grey + link blue [High-risk replacement; AA text, component and focus contrast verified] | Scenario: knowledge-base-documentation; Avoid: —; Origin confidence: 0.5; Recommendation: scenario-first; Evidence: token-only."
30,Beauty/Spa/Wellness Service,#D71676,#FFFFFF,#F24AA5,#000000,#7C3AED,#FFFFFF,#FDF2F8,#831843,#FFFFFF,#831843,#F1EEF5,#000000,#FBCFE8,#DC2626,#FFFFFF,#EC4899,beauty calm cosmetic health mindfulness relaxation salon selfcare skincare spa wellness,"Soft pink + lavender luxury [Accent darkened from #8B5CF6 for WCAG] [High-risk replacement; AA text, component and focus contrast verified] | Scenario: beauty-spa-wellness-service; Avoid: childcare|mass-market-discount|high-energy-gaming|flash-sale; Origin confidence: 0.5; Recommendation: scenario-first; Evidence: token-only."
31,Restaurant/Food Service,#DA2323,#FFFFFF,#F75555,#000000,#A16207,#FFFFFF,#FEF2F2,#450A0A,#FFFFFF,#450A0A,#F0EDF1,#000000,#FECACA,#DC2626,#FFFFFF,#DC2626,cafe cooking cuisine dining eat food meal recipe restaurant,"Appetizing red + warm gold [Accent adjusted from #CA8A04 for WCAG 3:1] [High-risk replacement; AA text, component and focus contrast verified] | Scenario: restaurant-food-service; Avoid: —; Origin confidence: 0.5; Recommendation: scenario-first; Evidence: token-only."
32,Fitness/Gym App,#F97316,#0F172A,#FB923C,#0F172A,#22C55E,#0F172A,#1F2937,#F8FAFC,#313742,#F8FAFC,#3A4554,#FFFFFF,#4A576C,#EF4343,#000000,#F97316,active exercise fitness gym sport training workout,"Energy orange + success green [High-risk replacement; AA text, component and focus contrast verified] | Scenario: saas|developer-tools|ai-products; Avoid: —; Origin confidence: 0.5; Recommendation: scenario-first; Evidence: token-only."
33,Real Estate/Property,#0F766E,#FFFFFF,#2E9E92,#000000,#0369A1,#FFFFFF,#FAFAFA,#134E4A,#FFFFFF,#134E4A,#E8F0F3,#000000,#99F6E4,#DC2626,#FFFFFF,#0F766E,apartment estate home housing property real,"Trust teal + professional blue; bg neutralized [High-risk replacement; AA text, component and focus contrast verified] | Scenario: home-interior|hospitality|lifestyle; Avoid: —; Origin confidence: 0.5; Recommendation: scenario-first; Evidence: token-only."
34,Travel/Tourism Agency,#0A79AC,#FFFFFF,#2299CE,#000000,#EA580C,#0F172A,#F0F9FF,#0C4A6E,#FFFFFF,#0C4A6E,#E8F2F8,#000000,#BAE6FD,#DC2626,#FFFFFF,#2299CE,advertising creative destination journey marketing promotion studio tour tourism travel trip vacation,"Sky blue + adventure orange [Accent adjusted from #F97316 for WCAG 3:1] [High-risk replacement; AA text, component and focus contrast verified] | Scenario: travel-tourism-agency; Avoid: —; Origin confidence: 0.5; Recommendation: scenario-first; Evidence: token-only."
35,Hotel/Hospitality,#1E3A8A,#FFFFFF,#3C83F6,#000000,#0891B2,#0F172A,#FFFEFB,#1E40AF,#FFFFFF,#1E40AF,#F2F0EC,#000000,#E3E2DE,#DC2626,#FFFFFF,#1E3A8A,accommodation hospitality lodge resort stay,"Luxury navy + gold service [Accent adjusted from #CA8A04 for WCAG 3:1] [High-risk replacement; AA text, component and focus contrast verified] | Scenario: hotel-hospitality; Avoid: childcare|mass-market-discount; Origin confidence: 0.5; Recommendation: scenario-first; Evidence: token-only."
36,Wedding/Event Planning,#D32371,#FFFFFF,#F14BA2,#000000,#B7850B,#000000,#FDF2F8,#831843,#FFFFFF,#831843,#F0EDF4,#000000,#FBCFE8,#DC2626,#FFFFFF,#DB2777,bridal celebration ceremony event marriage,"Romantic pink + elegant gold [Accent adjusted from #CA8A04 for WCAG 3:1] [High-risk replacement; AA text, component and focus contrast verified] | Scenario: wedding-event-planning; Avoid: —; Origin confidence: 0.5; Recommendation: scenario-first; Evidence: token-only."
37,Legal Services,#1E3A8A,#FFFFFF,#1E40AF,#FFFFFF,#DB2777,#FFFFFF,#FAF9F5,#0F172A,#FFFFFF,#0F172A,#F2F0EC,#000000,#E3E2DE,#DC2626,#FFFFFF,#1E3A8A,attorney court justice law lawyer,"Authority navy + trust gold [High-risk replacement; AA text, component and focus contrast verified] | Scenario: legal-services; Avoid: —; Origin confidence: 0.5; Recommendation: scenario-first; Evidence: token-only."
38,Insurance Platform,#0369A1,#FFFFFF,#0D9DDD,#000000,#1E40AF,#FFFFFF,#FFFFFF,#0C4A6E,#FFFFFF,#0C4A6E,#E7EFF5,#000000,#E5E5E5,#DC2626,#FFFFFF,#0369A1,claim coverage policy protection,"Security blue + trust amber; bg neutralized [High-risk replacement; AA text, component and focus contrast verified] | Scenario: saas|developer-tools|ai-products; Avoid: —; Origin confidence: 0.5; Recommendation: scenario-first; Evidence: token-only."
39,Banking/Traditional Finance,#203159,#FFFFFF,#1E3A8A,#FFFFFF,#0D9488,#0F172A,#FAFAF9,#020617,#FFFFFF,#020617,#F2F0EC,#000000,#E3E2DE,#DC2626,#FFFFFF,#203159,bank banking finance financial fintech money,"Trust navy + premium gold [Accent adjusted from #CA8A04 for WCAG 3:1] [High-risk replacement; AA text, component and focus contrast verified] | Scenario: finance|banking|wealth-management; Avoid: childcare|mass-market-discount; Origin confidence: 0.5; Recommendation: scenario-first; Evidence: token-only."
40,Online Course/E-learning,#0B8177,#FFFFFF,#2E9E90,#000000,#1E3A5F,#FFFFFF,#FAFAFA,#134E4A,#FFFFFF,#134E4A,#E8F1F4,#000000,#5EEAD4,#DC2626,#FFFFFF,#0D9488,education educational learn school study teaching,"Progress teal + achievement orange [Accent adjusted from #F97316 for WCAG 3:1]; bg neutralized [High-risk replacement; AA text, component and focus contrast verified] | Scenario: education|learning|childcare; Avoid: —; Origin confidence: 0.5; Recommendation: scenario-first; Evidence: token-only."
42,Music Streaming,#615AC4,#FFFFFF,#5F56D2,#FFFFFF,#0D9488,#0F172A,#0F0F23,#F8FAFC,#1B1B30,#F8FAFC,#31314A,#94A3B8,#3C389D,#EF4343,#000000,#615AC4,audio instrument melody rhythm song sound,"Dark purple + entertainment pink [High-risk replacement; AA text, component and focus contrast verified] | Scenario: music-streaming; Avoid: —; Origin confidence: 0.5; Recommendation: scenario-first; Evidence: token-only."
43,Video Streaming/OTT,#5353B6,#FFFFFF,#564FC0,#FFFFFF,#E11D48,#FFFFFF,#000000,#F8FAFC,#0C0C0D,#F8FAFC,#2C2C2C,#94A3B8,#36338E,#EF4343,#000000,#5353B6,clip film movie recording streaming,"Cinema dark + play red [High-risk replacement; AA text, component and focus contrast verified] | Scenario: video-streaming-ott; Avoid: —; Origin confidence: 0.5; Recommendation: scenario-first; Evidence: token-only."
44,Job Board/Recruitment,#0369A1,#FFFFFF,#0D9DDD,#000000,#EA580C,#0F172A,#FFFFFF,#0C4A6E,#FFFFFF,#0C4A6E,#E7EFF5,#000000,#BAE6FD,#DC2626,#FFFFFF,#0369A1,jobs hiring recruitment career employment talent hr,"Professional blue + opportunity orange; bg neutralized [High-risk replacement; AA text, component and focus contrast verified] | Scenario: job-board-recruitment; Avoid: —; Origin confidence: 0.5; Recommendation: scenario-first; Evidence: token-only."
45,Marketplace (P2P),#B91C1C,#FFFFFF,#EF4343,#000000,#2563EB,#FFFFFF,#FEF2F2,#450A0A,#FFFFFF,#450A0A,#F0EDEE,#000000,#FECACA,#DC2626,#FFFFFF,#B91C1C,buy ecommerce retail sell shopping store,"Marketplace red + teal CTA [High-risk replacement; AA text, component and focus contrast verified] | Scenario: saas|developer-tools|ai-products; Avoid: —; Origin confidence: 0.5; Recommendation: scenario-first; Evidence: token-only."
46,Logistics/Delivery,#2563EB,#FFFFFF,#3C83F6,#000000,#EA580C,#0F172A,#FFFFFF,#1E40AF,#FFFFFF,#1E40AF,#E9EFF8,#000000,#E5E5E5,#DC2626,#FFFFFF,#2563EB,chain courier delivery logistics shipping supply transport,"Tracking blue + delivery orange [Accent adjusted from #F97316 for WCAG 3:1]; bg neutralized [High-risk replacement; AA text, component and focus contrast verified] | Scenario: saas|developer-tools|ai-products; Avoid: —; Origin confidence: 0.5; Recommendation: scenario-first; Evidence: token-only."
47,Agriculture/Farm Tech,#15803D,#FFFFFF,#2FA259,#000000,#A16207,#FFFFFF,#FAFAFA,#14532D,#FFFFFF,#14532D,#E8F0F1,#000000,#BBF7D0,#DC2626,#FFFFFF,#15803D,crop farm farming harvest plant,"Earth green + harvest gold [Accent adjusted from #CA8A04 for WCAG 3:1]; bg neutralized [High-risk replacement; AA text, component and focus contrast verified] | Scenario: agriculture-farm-tech; Avoid: —; Origin confidence: 0.5; Recommendation: scenario-first; Evidence: token-only."
48,Construction/Architecture,#627188,#FFFFFF,#7B8EA7,#000000,#15803D,#FFFFFF,#F5F5F5,#334155,#FFFFFF,#334155,#EBEBEB,#000000,#E0E0E0,#DC2626,#FFFFFF,#64748B,architecture building construction design engineering interior project site,"Industrial grey + safety orange [Accent adjusted from #F97316 for WCAG 3:1] [High-risk replacement; AA text, component and focus contrast verified] | Scenario: home-interior|hospitality|lifestyle; Avoid: —; Origin confidence: 0.5; Recommendation: scenario-first; Evidence: token-only."
49,Automotive/Car Dealership,#2D3E59,#FFFFFF,#334155,#FFFFFF,#DC2626,#FFFFFF,#FFFFFF,#0F172A,#FFFFFF,#0F172A,#E9EDF1,#000000,#E2E8F0,#DC3D28,#000000,#2D3E59,auto automotive car driving motor vehicle,"Premium dark + action red [High-risk replacement; AA text, component and focus contrast verified] | Scenario: automotive-car-dealership; Avoid: childcare|mass-market-discount; Origin confidence: 0.5; Recommendation: scenario-first; Evidence: token-only."
50,Photography Studio,#5C5C84,#FFFFFF,#606067,#FFFFFF,#F8FAFC,#0F172A,#000000,#FAFAFA,#0C0C0C,#FAFAFA,#2C2C2C,#94A3B8,#3F3F46,#EF4343,#000000,#5C5C84,camera capture image photo picture,"Pure black + white contrast [High-risk replacement; AA text, component and focus contrast verified] | Scenario: photography-studio; Avoid: —; Origin confidence: 0.5; Recommendation: scenario-first; Evidence: token-only."
51,Coworking Space,#A16806,#FFFFFF,#AE8B32,#000000,#2563EB,#FFFFFF,#FFFBEB,#78350F,#FFFFFF,#78350F,#F1F2EF,#000000,#FDE68A,#DC2626,#FFFFFF,#BA8936,coworking shared workspace office community collaborative hotdesk,"Energetic amber + booking blue [High-risk replacement; AA text, component and focus contrast verified] | Scenario: coworking-space; Avoid: —; Origin confidence: 0.5; Recommendation: scenario-first; Evidence: token-only."
53,Childcare/Daycare,#D81079,#FFFFFF,#F04CA9,#000000,#2563EB,#FFFFFF,#FDF2F8,#9D174D,#FFFFFF,#9D174D,#F1F0F6,#000000,#FCE7F3,#DC2626,#FFFFFF,#F14BA2,child children daycare kids nursery preschool toddler,"Playful pink + cheerful yellow [High-risk replacement; AA text, component and focus contrast verified] | Scenario: education|learning|childcare; Avoid: regulated-finance|clinical-emergency; Origin confidence: 0.5; Recommendation: scenario-first; Evidence: token-only."
54,Senior Care/Elderly,#0369A1,#FFFFFF,#3D9DC7,#000000,#C38504,#000000,#FFFFFF,#0C4A6E,#FFFFFF,#0C4A6E,#E7EFF5,#000000,#E0F2FE,#DC2626,#FFFFFF,#0369A1,aging care elderly retirement senior,"Calm blue + warm amber; bg neutralized [High-risk replacement; AA text, component and focus contrast verified] | Scenario: senior-care-elderly; Avoid: high-energy-gaming|flash-sale; Origin confidence: 0.5; Recommendation: scenario-first; Evidence: token-only."
55,Medical Clinic,#077E9B,#FFFFFF,#329EAE,#000000,#0D9488,#0F172A,#FAFAFA,#134E4A,#FFFFFF,#134E4A,#E8F1F6,#000000,#E5E5E5,#DC2626,#FFFFFF,#0891B2,clinic doctor health healthcare hospital wellness,"Medical teal + health green [Accent adjusted from #22C55E for WCAG 3:1]; bg neutralized [High-risk replacement; AA text, component and focus contrast verified] | Scenario: medical-clinic; Avoid: high-energy-gaming|flash-sale; Origin confidence: 0.5; Recommendation: scenario-first; Evidence: token-only."
56,Pharmacy/Drug Store,#15803D,#FFFFFF,#2FA259,#000000,#0369A1,#FFFFFF,#FAFAFA,#14532D,#FFFFFF,#14532D,#E8F0F1,#000000,#BBF7D0,#DC2626,#FFFFFF,#15803D,drug medication medicine prescription,"Pharmacy green + trust blue; bg neutralized [High-risk replacement; AA text, component and focus contrast verified] | Scenario: pharmacy-drug-store; Avoid: —; Origin confidence: 0.5; Recommendation: scenario-first; Evidence: token-only."
57,Dental Practice,#0A7EB3,#FFFFFF,#3D9DC7,#000000,#A16207,#FFFFFF,#FFFFFF,#0C4A6E,#FFFFFF,#0C4A6E,#E8F2F8,#000000,#BAE6FD,#DC2626,#FFFFFF,#0D9DDD,clinic dentist oral teeth,"Fresh blue + smile yellow [Accent adjusted from #FBBF24 for WCAG 3:1]; bg neutralized [High-risk replacement; AA text, component and focus contrast verified] | Scenario: dental-practice; Avoid: —; Origin confidence: 0.5; Recommendation: scenario-first; Evidence: token-only."
58,Veterinary Clinic,#0B8177,#FFFFFF,#2E9E92,#000000,#0891B2,#0F172A,#FAFAFA,#134E4A,#FFFFFF,#134E4A,#E8F1F4,#000000,#E5E5E5,#DC2626,#FFFFFF,#0D9488,animal clinic pet vet,"Caring teal + warm orange [Accent adjusted from #F97316 for WCAG 3:1]; bg neutralized [High-risk replacement; AA text, component and focus contrast verified] | Scenario: veterinary-clinic; Avoid: —; Origin confidence: 0.5; Recommendation: scenario-first; Evidence: token-only."
59,Florist/Plant Shop,#15803D,#FFFFFF,#2FA259,#000000,#157F49,#FFFFFF,#F0FDF4,#14532D,#FFFFFF,#14532D,#E8F0F1,#000000,#BBF7D0,#DC2626,#FFFFFF,#15803D,bouquet floral flower garden green nature plant,"Natural green + floral pink [High-risk replacement; AA text, component and focus contrast verified] | Scenario: florist-plant-shop; Avoid: —; Origin confidence: 0.5; Recommendation: scenario-first; Evidence: token-only."
60,Bakery/Cafe,#92400E,#FFFFFF,#B45309,#FFFFFF,#047857,#FFFFFF,#FAFAF9,#2A211C,#FFFFFF,#2A211C,#F2F0EC,#6B625A,#9F7A62,#DC2626,#FFFFFF,#92400E,bakery baking bread cafe cake coffee pastry restaurant,Warm bakery brown + sage accent; neutral stone background | Scenario: bakery-cafe; Avoid: —; Origin confidence: 0.5; Recommendation: scenario-first; Evidence: token-only.
61,Brewery/Winery,#7C2D12,#FFFFFF,#B91C1C,#FFFFFF,#A16207,#FFFFFF,#FEF2F2,#450A0A,#FFFFFF,#450A0A,#ECEDF0,#000000,#FECACA,#DC2626,#FFFFFF,#7C2D12,alcohol beer brewery craft drink vineyard wine winery,"Deep burgundy + craft gold [Accent adjusted from #CA8A04 for WCAG 3:1] [High-risk replacement; AA text, component and focus contrast verified] | Scenario: brewery-winery; Avoid: —; Origin confidence: 0.5; Recommendation: scenario-first; Evidence: token-only."
62,Airline,#1E3A8A,#FFFFFF,#3C83F6,#000000,#C38504,#000000,#FFFFFF,#1E40AF,#FFFFFF,#1E40AF,#E9EEF5,#000000,#BFDBFE,#DC2626,#FFFFFF,#1E3A8A,airplane airport aviation flight,"Sky blue + booking orange [Accent adjusted from #F97316 for WCAG 3:1]; bg neutralized [High-risk replacement; AA text, component and focus contrast verified] | Scenario: saas|developer-tools|ai-products; Avoid: —; Origin confidence: 0.5; Recommendation: scenario-first; Evidence: token-only."
63,News/Media Platform,#DA2323,#FFFFFF,#EF4343,#000000,#027CBA,#FFFFFF,#FEF2F2,#450A0A,#FFFFFF,#450A0A,#F0EDF1,#000000,#E5E5E5,#DC2626,#FFFFFF,#DC2626,article current journalism media press,"Breaking red + link blue [High-risk replacement; AA text, component and focus contrast verified] | Scenario: news-media-platform; Avoid: —; Origin confidence: 0.5; Recommendation: scenario-first; Evidence: token-only."
64,Magazine/Blog,#3E3E59,#FFFFFF,#3F3F46,#FFFFFF,#EC4899,#09090B,#FAFAFA,#09090B,#FFFFFF,#09090B,#E8ECF0,#000000,#E4E4E7,#DC2626,#FFFFFF,#3E3E59,blog content editorial magazine media publication writing,"Editorial black + accent pink [High-risk replacement; AA text, component and focus contrast verified] | Scenario: magazine-blog; Avoid: —; Origin confidence: 0.5; Recommendation: scenario-first; Evidence: token-only."
65,Freelancer Platform,#B45309,#FFFFFF,#D97706,#0F172A,#0891B2,#0F172A,#FFFFFF,#78350F,#FFFBEB,#78350F,#F3EFE8,#000000,#E5E5E5,#DC2626,#FFFFFF,#B45309,contractor freelance gig independent remote,"Craft amber + teal CTA [bg neutralized from #FFFBEB; cream moved to Card surface] [High-risk replacement; AA text, component and focus contrast verified] | Scenario: freelancer-platform; Avoid: —; Origin confidence: 0.5; Recommendation: scenario-first; Evidence: token-only."
68,Newsletter Platform,#0369A1,#FFFFFF,#0D9DDD,#000000,#059669,#0F172A,#FFFFFF,#0C4A6E,#FFFFFF,#0C4A6E,#E7EFF5,#000000,#E5E5E5,#DC2626,#FFFFFF,#0369A1,content email subscription update,"Trust blue + subscribe orange [Accent adjusted from #F97316 for WCAG 3:1]; bg neutralized [High-risk replacement; AA text, component and focus contrast verified] | Scenario: saas|developer-tools|ai-products; Avoid: —; Origin confidence: 0.5; Recommendation: scenario-first; Evidence: token-only."
71,Sports Team/Club,#DA2323,#FFFFFF,#EF4343,#000000,#92400E,#FFFFFF,#FEF2F2,#7F1D1D,#FFFFFF,#7F1D1D,#F0EDF1,#000000,#FECACA,#DC2626,#FFFFFF,#DC2626,athletic exercise fitness gym team workout,"Team red + championship gold [Accent adjusted from #FBBF24 for WCAG 3:1] [High-risk replacement; AA text, component and focus contrast verified] | Scenario: sports-team-club; Avoid: —; Origin confidence: 0.5; Recommendation: scenario-first; Evidence: token-only."
72,Museum/Gallery,#3E3E59,#FFFFFF,#27272A,#FFFFFF,#AA8E31,#000000,#FAFAFA,#09090B,#FFFFFF,#09090B,#E8ECF0,#000000,#E4E4E7,#DC2626,#FFFFFF,#3E3E59,art creative culture exhibition gallery heritage museum,"Gallery black + white space [Accent adjusted from #F8FAFC for WCAG 3:1] [High-risk replacement; AA text, component and focus contrast verified] | Scenario: museum-gallery; Avoid: —; Origin confidence: 0.5; Recommendation: scenario-first; Evidence: token-only."
73,Theater/Cinema,#615AC4,#FFFFFF,#615DC5,#FFFFFF,#CA8A04,#0F172A,#0F0F23,#F8FAFC,#1B1B30,#F8FAFC,#31314A,#94A3B8,#4338CA,#EF4343,#000000,#615AC4,cinema film movie performance show stage theater,"Dramatic dark + spotlight gold [High-risk replacement; AA text, component and focus contrast verified] | Scenario: theater-cinema; Avoid: —; Origin confidence: 0.5; Recommendation: scenario-first; Evidence: token-only."
74,Language Learning App,#0B8177,#FFFFFF,#2E9E92,#000000,#BE123C,#FFFFFF,#FAFAFA,#134E4A,#FFFFFF,#134E4A,#E8F1F4,#000000,#99F6E4,#DC2626,#FFFFFF,#0D9488,education educational international learn multilingual school speak study teaching translate,"International teal + highlight yellow; bg neutralized [High-risk replacement; AA text, component and focus contrast verified] | Scenario: education|learning|childcare; Avoid: —; Origin confidence: 0.5; Recommendation: scenario-first; Evidence: token-only."
75,Coding Bootcamp,#3E5FAD,#FFFFFF,#48638E,#FFFFFF,#16A34A,#0F172A,#020617,#F8FAFC,#0E1223,#F8FAFC,#282E48,#94A3B8,#354358,#EF4343,#000000,#3E5FAD,code developer engineer programming software,"Dark bg + code cyan [High-risk replacement; AA text, component and focus contrast verified] | Scenario: saas|developer-tools|ai-products; Avoid: —; Origin confidence: 0.5; Recommendation: scenario-first; Evidence: token-only."
76,Cybersecurity Platform,#00FF41,#0F172A,#616161,#FFFFFF,#FF3333,#0F172A,#000000,#E0E0E0,#0C130E,#E0E0E0,#2C2C2C,#94A3B8,#404040,#EF4343,#000000,#00FF41,hacking privacy protection security,"Matrix green + alert red [High-risk replacement; AA text, component and focus contrast verified] | Scenario: cybersecurity-platform; Avoid: —; Origin confidence: 0.5; Recommendation: scenario-first; Evidence: token-only."
78,Biotech / Life Sciences,#0A7EB3,#FFFFFF,#027CBA,#FFFFFF,#7C3AED,#FFFFFF,#FFFFFF,#0C4A6E,#FFFFFF,#0C4A6E,#E8F2F8,#000000,#BAE6FD,#DC2626,#FFFFFF,#0D9DDD,biology lab life research science,"Cyan + lab purple; bg neutralized [High-risk replacement; AA text, component and focus contrast verified] | Scenario: biotech-life-sciences; Avoid: —; Origin confidence: 0.5; Recommendation: scenario-first; Evidence: token-only."
79,Space Tech / Aerospace,#B8D6F5,#0F172A,#94A3B8,#0F172A,#3B82F6,#0F172A,#0B0B10,#F8FAFC,#1E1E23,#F8FAFC,#303037,#94A3B8,#334564,#EF4343,#000000,#B8D6F5,aerospace rocket satellite,"Star white + launch blue [High-risk replacement; AA text, component and focus contrast verified] | Scenario: space-tech-aerospace; Avoid: —; Origin confidence: 0.5; Recommendation: scenario-first; Evidence: token-only."
80,Architecture / Interior,#3E4759,#FFFFFF,#404040,#FFFFFF,#A16207,#FFFFFF,#FFFFFF,#171717,#FFFFFF,#171717,#E8ECF0,#000000,#E5E5E5,#DC2626,#FFFFFF,#3E4759,architecture building construction decoration design home interior room,"Minimal black + accent gold [Accent adjusted from #D4AF37 for WCAG 3:1] [High-risk replacement; AA text, component and focus contrast verified] | Scenario: home-interior|hospitality|lifestyle; Avoid: —; Origin confidence: 0.5; Recommendation: scenario-first; Evidence: token-only."
81,Quantum Computing Interface,#00FFFF,#0F172A,#6196FF,#0F172A,#D4A017,#0F172A,#050510,#E0E0FF,#101823,#E0E0FF,#2D2D3E,#94A3B8,#404055,#EF4343,#000000,#00FFFF,quantum computing science research simulation algorithm,"Quantum cyan + interference purple [High-risk replacement; AA text, component and focus contrast verified] | Scenario: quantum-computing-interface; Avoid: —; Origin confidence: 0.5; Recommendation: scenario-first; Evidence: token-only."
82,Biohacking / Longevity App,#E30000,#FFFFFF,#E56810,#000000,#059669,#1C1C1E,#F5F5F7,#1C1C1E,#FFFFFF,#1C1C1E,#F2EEF2,#000000,#E5E5EA,#DC2626,#FFFFFF,#FF4D4D,biohacking longevity health optimization wellness science bio,"Bio red/blue + vitality green [Accent adjusted from #00E676 for WCAG 3:1] [High-risk replacement; AA text, component and focus contrast verified] | Scenario: biohacking-longevity-app; Avoid: high-energy-gaming|flash-sale; Origin confidence: 0.5; Recommendation: scenario-first; Evidence: token-only."
83,Autonomous Drone Fleet Manager,#00FF41,#0F172A,#008F11,#000000,#FF3333,#0F172A,#0D1117,#E6EDF3,#182424,#E6EDF3,#2F343C,#94A3B8,#404851,#EF4343,#000000,#00FF41,drone fleet autonomous aerial management robotics,"Terminal green + alert red [High-risk replacement; AA text, component and focus contrast verified] | Scenario: autonomous-drone-fleet-manager; Avoid: —; Origin confidence: 0.5; Recommendation: scenario-first; Evidence: token-only."
85,Spatial Computing OS / App,#003E7A,#FFFFFF,#3D3D3D,#FFFFFF,#024164,#FFFFFF,#888888,#000000,#999999,#000000,#777777,#050505,#CCCCCC,#800700,#FFFFFF,#003E7A,spatial computing vr ar mixed reality 3d immersive,"Glass white + system blue [Accent adjusted from #007AFF for WCAG 3:1] [High-risk replacement; AA text, component and focus contrast verified] | Scenario: spatial-computing-os-app; Avoid: —; Origin confidence: 0.5; Recommendation: scenario-first; Evidence: token-only."
86,Sustainable Energy / Climate Tech,#04875F,#FFFFFF,#1BA778,#000000,#B28F34,#000000,#FFFFFF,#064E3B,#FFFFFF,#064E3B,#E8F1F3,#000000,#A7F3D0,#DC2626,#FFFFFF,#059669,clean climate eco energy green power solar sustainable,"Nature green + solar gold [Accent adjusted from #FBBF24 for WCAG 3:1]; bg neutralized [High-risk replacement; AA text, component and focus contrast verified] | Scenario: saas|developer-tools|ai-products; Avoid: —; Origin confidence: 0.5; Recommendation: scenario-first; Evidence: token-only."
87,Personal Finance Tracker,#3B61DD,#FFFFFF,#3C83F6,#000000,#D97706,#0F172A,#0F172A,#FFFFFF,#192134,#FFFFFF,#21356B,#94A3B8,#3D4A6A,#DC2626,#FFFFFF,#3B61DD,bank banking financial fintech money,"Professional blue + finance amber [High-risk replacement; AA text, component and focus contrast verified] | Scenario: finance|banking|wealth-management; Avoid: —; Origin confidence: 0.5; Recommendation: scenario-first; Evidence: token-only."
88,Chat & Messaging App,#2563EB,#FFFFFF,#6164F1,#FFFFFF,#0D9488,#0F172A,#FFFFFF,#0F172A,#FFFFFF,#0F172A,#F1F5FD,#000000,#E4ECFC,#DC2626,#FFFFFF,#2563EB,chat messaging communication instant message conversation,"Professional blue + social pink [High-risk replacement; AA text, component and focus contrast verified] | Scenario: chat-messaging-app; Avoid: —; Origin confidence: 0.5; Recommendation: scenario-first; Evidence: token-only."
89,Notes & Writing App,#78675A,#FFFFFF,#97908B,#000000,#D97706,#0F172A,#FFFFFF,#0F172A,#FFFBEB,#0F172A,#F6F6F6,#000000,#EEEDED,#DC2626,#FFFFFF,#78675A,diary journal memo notebook writing,"Warm ink + amber accent on cream [bg neutralized from #FFFBEB; cream moved to Card surface] [High-risk replacement; AA text, component and focus contrast verified] | Scenario: notes-writing-app; Avoid: —; Origin confidence: 0.5; Recommendation: scenario-first; Evidence: token-only."
90,Habit Tracker,#B36204,#FFFFFF,#BA8936,#000000,#6164F1,#FFFFFF,#FFFFFF,#0F172A,#FFFBEB,#0F172A,#FCF6F0,#000000,#FAEEE1,#DC2626,#FFFFFF,#D97706,daily discipline goal routine tracker,"Amber + focus blue [bg neutralized from #FFFBEB; cream moved to Card surface] [High-risk replacement; AA text, component and focus contrast verified] | Scenario: saas|developer-tools|ai-products; Avoid: —; Origin confidence: 0.5; Recommendation: scenario-first; Evidence: token-only."
91,Food Delivery / On-Demand,#C64A0A,#FFFFFF,#EF6506,#000000,#2563EB,#FFFFFF,#FFF7ED,#0F172A,#FFFFFF,#0F172A,#FDF4F0,#000000,#FCEAE1,#DC2626,#FFFFFF,#EA580C,cooking courier cuisine dining eat logistics meal recipe restaurant shipping transport,"Appetizing orange + trust blue [High-risk replacement; AA text, component and focus contrast verified] | Scenario: food-delivery-on-demand; Avoid: —; Origin confidence: 0.5; Recommendation: scenario-first; Evidence: token-only."
92,Ride Hailing / Transportation,#4F6D9C,#FFFFFF,#566E8F,#FFFFFF,#2563EB,#FFFFFF,#0F172A,#FFFFFF,#192134,#FFFFFF,#243661,#94A3B8,#3D4A6A,#DC2626,#FFFFFF,#4F6D9C,ride hailing taxi cab transportation sharing uber,"Map dark + route blue [High-risk replacement; AA text, component and focus contrast verified] | Scenario: saas|developer-tools|ai-products; Avoid: —; Origin confidence: 0.5; Recommendation: scenario-first; Evidence: token-only."
93,Recipe & Cooking App,#9A3412,#FFFFFF,#C2410C,#FFFFFF,#0891B2,#0F172A,#FFFBEB,#0F172A,#FFFFFF,#0F172A,#F8F2F0,#000000,#F2E6E2,#DC2626,#FFFFFF,#9A3412,chef cooking cuisine food kitchen meal recipe,"Warm brown + fresh teal [High-risk replacement; AA text, component and focus contrast verified] | Scenario: recipe-cooking-app; Avoid: —; Origin confidence: 0.5; Recommendation: scenario-first; Evidence: token-only."
94,Meditation & Mindfulness,#155E75,#FFFFFF,#0891B2,#0F172A,#D97706,#0F172A,#FFFFFF,#164E63,#FFFFFF,#164E63,#E7F0F4,#000000,#A5F3FC,#DC2626,#FFFFFF,#155E75,calm mindfulness peaceful relax zen,"Deep ocean + warm amber glow; bg neutralized [High-risk replacement; AA text, component and focus contrast verified] | Scenario: meditation-mindfulness; Avoid: high-energy-gaming|flash-sale; Origin confidence: 0.5; Recommendation: scenario-first; Evidence: token-only."
95,Weather App,#027CBA,#FFFFFF,#0D9DDD,#000000,#8655F6,#FFFFFF,#FFFFFF,#0F172A,#FFFFFF,#0F172A,#EFF7FB,#000000,#E0F0F8,#DC2626,#FFFFFF,#027CBA,weather forecast climate temperature rain sun,"Sky blue + sun amber; bg neutralized [High-risk replacement; AA text, component and focus contrast verified] | Scenario: saas|developer-tools|ai-products; Avoid: —; Origin confidence: 0.5; Recommendation: scenario-first; Evidence: token-only."
96,Diary & Journal App,#92400E,#FFFFFF,#A16207,#FFFFFF,#027CBA,#FFFFFF,#FFFBEB,#0F172A,#FFFFFF,#0F172A,#F8F3F0,#000000,#F1E8E2,#DC2626,#FFFFFF,#92400E,daily diary journal notes personal writing,"Warm journal brown + ink violet [High-risk replacement; AA text, component and focus contrast verified] | Scenario: saas|developer-tools|ai-products; Avoid: —; Origin confidence: 0.5; Recommendation: scenario-first; Evidence: token-only."
98,Inventory & Stock Management,#334155,#FFFFFF,#475569,#FFFFFF,#2563EB,#FFFFFF,#F5F5F5,#0F172A,#FFFFFF,#0F172A,#EBEBEB,#000000,#E0E0E0,#DC2626,#FFFFFF,#334155,management stock supply warehouse,"Industrial slate + stock amber [High-risk replacement; AA text, component and focus contrast verified] | Scenario: inventory-stock-management; Avoid: —; Origin confidence: 0.5; Recommendation: scenario-first; Evidence: token-only."
100,Booking & Appointment App,#0369A1,#FFFFFF,#0D9DDD,#000000,#15803D,#FFFFFF,#FFFFFF,#0F172A,#FFFFFF,#0F172A,#EFF7FB,#000000,#E0F0F8,#DC2626,#FFFFFF,#0369A1,appointment reservation schedule,"Blue + green accent [Primary/Accent darkened for WCAG]; bg neutralized [High-risk replacement; AA text, component and focus contrast verified] | Scenario: booking-appointment-app; Avoid: —; Origin confidence: 0.5; Recommendation: scenario-first; Evidence: token-only."
101,Invoice & Billing Tool,#1E3A5F,#FFFFFF,#2563EB,#FFFFFF,#D97706,#0F172A,#FAFAF9,#0F172A,#FFFFFF,#0F172A,#F2F0EC,#000000,#E3E2DE,#DC2626,#FFFFFF,#1E3A5F,billing charge payment receipt,"Dark blue + invoice amber [High-risk replacement; AA text, component and focus contrast verified] | Scenario: invoice-billing-tool; Avoid: —; Origin confidence: 0.5; Recommendation: scenario-first; Evidence: token-only."
102,Grocery & Shopping List,#04875F,#FFFFFF,#1BA778,#000000,#1E40AF,#FFFFFF,#FFFFFF,#0F172A,#FFFFFF,#0F172A,#F0F8F6,#000000,#E1F2ED,#DC2626,#FFFFFF,#059669,buy ecommerce food list mall market retail shop shopping store supermarket,"Fresh green + food amber; bg neutralized [High-risk replacement; AA text, component and focus contrast verified] | Scenario: saas|developer-tools|ai-products; Avoid: —; Origin confidence: 0.5; Recommendation: scenario-first; Evidence: token-only."
103,Timer & Pomodoro,#DC2626,#FFFFFF,#EF4343,#000000,#2563EB,#FFFFFF,#0F172A,#FFFFFF,#192134,#FFFFFF,#403154,#94A3B8,#3D4A6A,#DC3D28,#000000,#DC2626,clock countdown focus pomodoro productivity,"Energy red + focus blue [High-risk replacement; AA text, component and focus contrast verified] | Scenario: timer-pomodoro; Avoid: —; Origin confidence: 0.5; Recommendation: scenario-first; Evidence: token-only."
104,Parenting & Baby Tracker,#D71676,#FFFFFF,#F14BA2,#000000,#027CBA,#FFFFFF,#FDF2F8,#0F172A,#FFFFFF,#0F172A,#FDF4F8,#000000,#FCE9F2,#DC2626,#FFFFFF,#EC4899,baby child family infant newborn parent parenting toddler,"Soft pink + trust blue [High-risk replacement; AA text, component and focus contrast verified] | Scenario: education|learning|childcare; Avoid: —; Origin confidence: 0.5; Recommendation: scenario-first; Evidence: token-only."
105,Scanner & Document Manager,#2D3E59,#FFFFFF,#334155,#FFFFFF,#2563EB,#FFFFFF,#FFFFFF,#0F172A,#FFFFFF,#0F172A,#F1F2F3,#000000,#E4E5E7,#DC2626,#FFFFFF,#2D3E59,document ocr paperless scan,"Document grey + scan blue [High-risk replacement; AA text, component and focus contrast verified] | Scenario: scanner-document-manager; Avoid: —; Origin confidence: 0.5; Recommendation: scenario-first; Evidence: token-only."
107,Password Manager,#386DB2,#FFFFFF,#566E8F,#FFFFFF,#027CBA,#FFFFFF,#0F172A,#FFFFFF,#192134,#FFFFFF,#223663,#94A3B8,#3D4A6A,#DC2626,#FFFFFF,#386DB2,access credential login safe security,"Dark blue + security teal [High-risk replacement; AA text, component and focus contrast verified] | Scenario: password-manager; Avoid: —; Origin confidence: 0.5; Recommendation: scenario-first; Evidence: token-only."
108,Expense Splitter / Bill Split,#04845D,#FFFFFF,#1AA275,#000000,#DC2626,#FFFFFF,#FAFAF9,#0F172A,#FFFFFF,#0F172A,#F2F0EC,#000000,#E3E2DE,#DC3D28,#000000,#059669,bill money payment share split splitter,"Balance green + owe red [High-risk replacement; AA text, component and focus contrast verified] | Scenario: expense-splitter-bill-split; Avoid: —; Origin confidence: 0.5; Recommendation: scenario-first; Evidence: token-only."
109,Voice Recorder & Memo,#DC2626,#FFFFFF,#EF4343,#000000,#2563EB,#FFFFFF,#FFFFFF,#0F172A,#FFFFFF,#0F172A,#FCF1F1,#000000,#FAE4E4,#DC3D28,#000000,#DC2626,audio recording sound speech,"Recording red + waveform blue [High-risk replacement; AA text, component and focus contrast verified] | Scenario: voice-recorder-memo; Avoid: —; Origin confidence: 0.5; Recommendation: scenario-first; Evidence: token-only."
110,Bookmark & Read-Later,#AF6004,#FFFFFF,#BA8936,#000000,#2563EB,#FFFFFF,#FFFBEB,#0F172A,#FFFFFF,#0F172A,#FCF6F0,#000000,#FAEEE1,#DC2626,#FFFFFF,#D97706,article link read-later save,"Warm amber + link blue [High-risk replacement; AA text, component and focus contrast verified] | Scenario: bookmark-read-later; Avoid: —; Origin confidence: 0.5; Recommendation: scenario-first; Evidence: token-only."
112,Calculator & Unit Converter,#EA580C,#0F172A,#F97315,#000000,#0891B2,#0F172A,#1C1917,#FFFFFF,#262321,#FFFFFF,#4C3426,#D1D5DB,#504B47,#DC2626,#FFFFFF,#EA580C,compute converter math,"Operation orange on dark [High-risk replacement; AA text, component and focus contrast verified] | Scenario: calculator-unit-converter; Avoid: —; Origin confidence: 0.5; Recommendation: scenario-first; Evidence: token-only."
113,Alarm & World Clock,#D97706,#0F172A,#F59E0B,#0F172A,#6164F1,#FFFFFF,#0F172A,#FFFFFF,#192134,#FFFFFF,#383647,#94A3B8,#3D4A6A,#DC2626,#FFFFFF,#D97706,alert clock reminder time wake,Time amber + night indigo on dark | Scenario: alarm-world-clock; Avoid: —; Origin confidence: 0.5; Recommendation: scenario-first; Evidence: token-only.
115,Email Client,#2563EB,#FFFFFF,#3C83F6,#000000,#234BEB,#FFFFFF,#FFFFFF,#0F172A,#FFFFFF,#0F172A,#F1F5FD,#000000,#E4ECFC,#DC2626,#FFFFFF,#2563EB,communication inbox mail message,"Inbox blue + priority red [High-risk replacement; AA text, component and focus contrast verified] | Scenario: saas|developer-tools|ai-products; Avoid: —; Origin confidence: 0.5; Recommendation: scenario-first; Evidence: token-only."
116,Casual Puzzle Game,#D71676,#FFFFFF,#DA4CF5,#000000,#C47E08,#000000,#FDF2F8,#0F172A,#FFFFFF,#0F172A,#FDF4F8,#000000,#FCE9F2,#DC2626,#FFFFFF,#EC4899,arcade brain challenge easy entertainment fun game gaming light play puzzle relaxed simple trivia,"Cheerful pink + reward gold [High-risk replacement; AA text, component and focus contrast verified] | Scenario: saas|developer-tools|ai-products; Avoid: —; Origin confidence: 0.5; Recommendation: scenario-first; Evidence: token-only."
117,Trivia & Quiz Game,#2563EB,#FFFFFF,#7C3AED,#FFFFFF,#16A34A,#0F172A,#EFF6FF,#0F172A,#FFFFFF,#0F172A,#F1F5FD,#000000,#E4ECFC,#DC2626,#FFFFFF,#2563EB,answer arcade entertainment fun gaming knowledge play puzzle question quiz,"Quiz blue + gold leaderboard [High-risk replacement; AA text, component and focus contrast verified] | Scenario: saas|developer-tools|ai-products; Avoid: —; Origin confidence: 0.5; Recommendation: scenario-first; Evidence: token-only."
118,Card & Board Game,#15803D,#FFFFFF,#1B7E41,#FFFFFF,#8344EE,#FFFFFF,#0F172A,#FFFFFF,#192134,#FFFFFF,#1C3A51,#94A3B8,#3D4A6A,#DC2626,#FFFFFF,#15803D,arcade board classic entertainment fun gaming play puzzle strategy table,"Felt green + gold on dark [High-risk replacement; AA text, component and focus contrast verified] | Scenario: saas|developer-tools|ai-products; Avoid: —; Origin confidence: 0.5; Recommendation: scenario-first; Evidence: token-only."
119,Idle & Clicker Game,#AF6004,#FFFFFF,#BA8936,#000000,#7C3AED,#FFFFFF,#FFFBEB,#0F172A,#FFFFFF,#0F172A,#FCF6F0,#000000,#FAEEE1,#DC2626,#FFFFFF,#D97706,arcade clicker entertainment fun gaming incremental play puzzle simple tap,"Coin gold + prestige purple [High-risk replacement; AA text, component and focus contrast verified] | Scenario: saas|developer-tools|ai-products; Avoid: —; Origin confidence: 0.5; Recommendation: scenario-first; Evidence: token-only."
120,Word & Crossword Game,#15803D,#FFFFFF,#059468,#000000,#D97706,#0F172A,#FFFFFF,#0F172A,#FFFFFF,#0F172A,#F0F7F3,#000000,#E2EFE7,#DC2626,#FFFFFF,#15803D,arcade crossword entertainment fun gaming play puzzle spell text vocabulary,"Word green + letter amber [High-risk replacement; AA text, component and focus contrast verified] | Scenario: saas|developer-tools|ai-products; Avoid: —; Origin confidence: 0.5; Recommendation: scenario-first; Evidence: token-only."
121,Arcade & Retro Game,#DC2626,#FFFFFF,#F29C24,#0F172A,#D61444,#FFFFFF,#0F172A,#FFFFFF,#192134,#FFFFFF,#403154,#94A3B8,#3D4A6A,#DC3D28,#000000,#DC2626,arcade classic entertainment fun gaming nostalgic pixel play puzzle retro,"Arcade red + retro yellow [High-risk replacement; AA text, component and focus contrast verified] | Scenario: saas|developer-tools|ai-products; Avoid: —; Origin confidence: 0.5; Recommendation: scenario-first; Evidence: token-only."
122,Photo Editor & Filters,#8344EE,#FFFFFF,#6164F1,#FFFFFF,#16A34A,#0F172A,#0F172A,#FFFFFF,#192134,#FFFFFF,#2D3170,#94A3B8,#3D4A6A,#DC2626,#FFFFFF,#8344EE,camera capture image photography picture,"Editor violet + filter cyan on dark [High-risk replacement; AA text, component and focus contrast verified] | Scenario: photo-editor-filters; Avoid: —; Origin confidence: 0.5; Recommendation: scenario-first; Evidence: token-only."
123,Short Video Editor,#EC4899,#0F172A,#DB2777,#FFFFFF,#2563EB,#FFFFFF,#0F172A,#FFFFFF,#192134,#FFFFFF,#3C315E,#94A3B8,#3D4A6A,#DC2626,#FFFFFF,#EC4899,clip film movie recording streaming,Video pink on dark + timeline blue | Scenario: short-video-editor; Avoid: —; Origin confidence: 0.5; Recommendation: scenario-first; Evidence: token-only.
124,Drawing & Sketching Canvas,#834BE2,#FFFFFF,#8655F6,#FFFFFF,#0891B2,#0F172A,#1C1917,#FFFFFF,#262321,#FFFFFF,#43344D,#D1D5DB,#504B47,#DC2626,#FFFFFF,#834BE2,art canvas doodle illustration sketching,"Canvas purple + tool teal on dark [High-risk replacement; AA text, component and focus contrast verified] | Scenario: drawing-sketching-canvas; Avoid: —; Origin confidence: 0.5; Recommendation: scenario-first; Evidence: token-only."
125,Music Creation & Beat Maker,#8344EE,#FFFFFF,#6164F1,#FFFFFF,#EC4899,#0F172A,#0F172A,#FFFFFF,#192134,#FFFFFF,#2D3170,#94A3B8,#3D4A6A,#DC2626,#FFFFFF,#8344EE,audio instrument melody rhythm song sound,"Creative purple + expression pink [High-risk replacement; AA text, component and focus contrast verified] | Scenario: music-creation-beat-maker; Avoid: —; Origin confidence: 0.5; Recommendation: scenario-first; Evidence: token-only."
126,Meme & Sticker Maker,#E2177C,#FFFFFF,#F5340B,#0F172A,#2563EB,#FFFFFF,#FFFFFF,#0F172A,#FFFFFF,#0F172A,#FDF4F8,#000000,#FCE9F2,#DC2626,#FFFFFF,#EC4899,comedy creative emoji fun funny humor meme sticker viral,"Viral pink + comedy yellow + share blue [High-risk replacement; AA text, component and focus contrast verified] | Scenario: meme-sticker-maker; Avoid: —; Origin confidence: 0.5; Recommendation: scenario-first; Evidence: token-only."
127,AI Photo & Avatar Generator,#077E9B,#FFFFFF,#329EAE,#000000,#EC4899,#0F172A,#ECFEFF,#164E63,#FFFFFF,#164E63,#E8F1F6,#000000,#A5F3FC,#DC2626,#FFFFFF,#0891B2,camera capture character face image photography picture portrait selfie,"Creative cyan + generation pink [High-risk replacement; AA text, component and focus contrast verified] | Scenario: saas|developer-tools|ai-products; Avoid: —; Origin confidence: 0.5; Recommendation: scenario-first; Evidence: token-only."
128,Link-in-Bio Page Builder,#2563EB,#FFFFFF,#7C3AED,#FFFFFF,#EC4899,#0F172A,#FFFFFF,#0F172A,#FFFFFF,#0F172A,#F1F5FD,#000000,#E4ECFC,#DC2626,#FFFFFF,#2563EB,link bio social profile page builder portfolio,"Brand blue + creator purple [High-risk replacement; AA text, component and focus contrast verified] | Scenario: link-in-bio-page-builder; Avoid: —; Origin confidence: 0.5; Recommendation: scenario-first; Evidence: token-only."
129,Wardrobe & Outfit Planner,#BE185D,#FFFFFF,#EC4698,#000000,#D57506,#000000,#FDF2F8,#0F172A,#FFFFFF,#0F172A,#FBF1F5,#000000,#F7E3EB,#DC2626,#FFFFFF,#BE185D,clothing dress fashion outfit style wardrobe,"Fashion rose + gold accent [High-risk replacement; AA text, component and focus contrast verified] | Scenario: wardrobe-outfit-planner; Avoid: —; Origin confidence: 0.5; Recommendation: scenario-first; Evidence: token-only."
130,Plant Care Tracker,#15803D,#FFFFFF,#059468,#000000,#DB2777,#FFFFFF,#FAFAFA,#0F172A,#FFFFFF,#0F172A,#F0F7F3,#000000,#E2EFE7,#DC2626,#FFFFFF,#15803D,floral flower garden green nature,"Nature green + sun yellow; bg neutralized [High-risk replacement; AA text, component and focus contrast verified] | Scenario: plant-care-tracker; Avoid: —; Origin confidence: 0.5; Recommendation: scenario-first; Evidence: token-only."
131,Book & Reading Tracker,#78675A,#FFFFFF,#92400E,#FFFFFF,#15803D,#FFFFFF,#FFFFFF,#0F172A,#FFFBEB,#0F172A,#F6F6F6,#000000,#EEEDED,#DC2626,#FFFFFF,#78675A,book library literature novel reading,"Book brown + page amber [bg neutralized from #FFFBEB; cream moved to Card surface] [High-risk replacement; AA text, component and focus contrast verified] | Scenario: book-reading-tracker; Avoid: —; Origin confidence: 0.5; Recommendation: scenario-first; Evidence: token-only."
132,Couple & Relationship App,#BE185D,#FFFFFF,#EC4698,#000000,#6164F1,#FFFFFF,#FDF2F8,#0F172A,#FFFFFF,#0F172A,#FBF1F5,#000000,#F7E3EB,#DC2626,#FFFFFF,#BE185D,love partner relationship romance,"Romance rose + love red [High-risk replacement; AA text, component and focus contrast verified] | Scenario: couple-relationship-app; Avoid: —; Origin confidence: 0.5; Recommendation: scenario-first; Evidence: token-only."
133,Family Calendar & Chores,#2563EB,#FFFFFF,#059468,#000000,#D97706,#0F172A,#FFFEFB,#0F172A,#FFFFFF,#0F172A,#F2F0EC,#000000,#E3E2DE,#DC2626,#FFFFFF,#2563EB,agenda child group home household organizing parent planner schedule,"Family blue + chore green [High-risk replacement; AA text, component and focus contrast verified] | Scenario: education|learning|childcare; Avoid: —; Origin confidence: 0.5; Recommendation: scenario-first; Evidence: token-only."
134,Mood Tracker,#BE185D,#FFFFFF,#EC4899,#0F172A,#0891B2,#0F172A,#FDF2F8,#831843,#FFFFFF,#831843,#FBF1F5,#000000,#F7E3EB,#DC2626,#FFFFFF,#BE185D,emotion feeling health mental wellbeing,"Emotional rose + insight amber [High-risk replacement; AA text, component and focus contrast verified] | Scenario: mood-tracker; Avoid: high-energy-gaming|flash-sale; Origin confidence: 0.5; Recommendation: scenario-first; Evidence: token-only."
135,Gift & Wishlist,#DA2323,#FFFFFF,#D07206,#000000,#8655F6,#FFFFFF,#FFF1F2,#0F172A,#FFFFFF,#0F172A,#FCF1F1,#000000,#FAE4E4,#DC2626,#FFFFFF,#DC2626,buy present shopping surprise wishlist,"Gift red + gold + surprise pink [High-risk replacement; AA text, component and focus contrast verified] | Scenario: gift-wishlist; Avoid: —; Origin confidence: 0.5; Recommendation: scenario-first; Evidence: token-only."
136,Running & Cycling GPS,#EA580C,#0F172A,#F97315,#000000,#059669,#0F172A,#0F172A,#FFFFFF,#192134,#FFFFFF,#3C3549,#94A3B8,#3D4A6A,#DC2626,#FFFFFF,#EA580C,cycling exercise gps jog marathon outdoor,"Energetic orange + pace green on dark [High-risk replacement; AA text, component and focus contrast verified] | Scenario: running-cycling-gps; Avoid: —; Origin confidence: 0.5; Recommendation: scenario-first; Evidence: token-only."
137,Yoga & Stretching Guide,#5A6680,#FFFFFF,#706C78,#FFFFFF,#0891B2,#0F172A,#F5F5F0,#0F172A,#FFFFFF,#0F172A,#F6F6F7,#000000,#EDEEEF,#DC2626,#FFFFFF,#5A6680,exercise flexibility mindful stretching wellness,"Sage neutral + calm teal [High-risk replacement; AA text, component and focus contrast verified] | Scenario: yoga-stretching-guide; Avoid: high-energy-gaming|flash-sale; Origin confidence: 0.5; Recommendation: scenario-first; Evidence: token-only."
138,Sleep Tracker,#635AD3,#FFFFFF,#6164F1,#FFFFFF,#8344EE,#FFFFFF,#0F172A,#FFFFFF,#192134,#FFFFFF,#26326D,#94A3B8,#3D4A6A,#DC2626,#FFFFFF,#635AD3,bedtime insomnia night rest,"Night indigo + dream violet on dark [High-risk replacement; AA text, component and focus contrast verified] | Scenario: sleep-tracker; Avoid: —; Origin confidence: 0.5; Recommendation: scenario-first; Evidence: token-only."
139,Calorie & Nutrition Counter,#04875F,#FFFFFF,#1BA778,#000000,#EA580C,#0F172A,#FFFFFF,#0F172A,#FFFFFF,#0F172A,#F0F8F6,#000000,#E1F2ED,#DC2626,#FFFFFF,#059669,counter diet food health nutrition,"Healthy green + macro orange; bg neutralized [High-risk replacement; AA text, component and focus contrast verified] | Scenario: calorie-nutrition-counter; Avoid: high-energy-gaming|flash-sale; Origin confidence: 0.5; Recommendation: scenario-first; Evidence: token-only."
140,Period & Cycle Tracker,#BE185D,#FFFFFF,#EC4698,#000000,#059669,#0F172A,#FDF2F8,#0F172A,#FFFFFF,#0F172A,#FBF1F5,#000000,#F7E3EB,#DC2626,#FFFFFF,#BE185D,cycle health menstrual tracker women,"Blush rose + fertility lavender [High-risk replacement; AA text, component and focus contrast verified] | Scenario: period-cycle-tracker; Avoid: high-energy-gaming|flash-sale; Origin confidence: 0.5; Recommendation: scenario-first; Evidence: token-only."
141,Medication & Pill Reminder,#027CBA,#FFFFFF,#088FB0,#000000,#DC2626,#FFFFFF,#FFFFFF,#0F172A,#FFFFFF,#0F172A,#EFF7FB,#000000,#E0F0F8,#DC3D28,#000000,#027CBA,drug medicine pharmacy pill prescription,"Medical blue + alert red; bg neutralized [High-risk replacement; AA text, component and focus contrast verified] | Scenario: medication-pill-reminder; Avoid: —; Origin confidence: 0.5; Recommendation: scenario-first; Evidence: token-only."
142,Water & Hydration Reminder,#027CBA,#FFFFFF,#1EA2B8,#000000,#0891B2,#0F172A,#FFFFFF,#0F172A,#FFFFFF,#0F172A,#EFF7FB,#000000,#E0F0F8,#DC2626,#FFFFFF,#027CBA,drink health hydration reminder,"Refreshing blue + water cyan; bg neutralized [High-risk replacement; AA text, component and focus contrast verified] | Scenario: water-hydration-reminder; Avoid: high-energy-gaming|flash-sale; Origin confidence: 0.5; Recommendation: scenario-first; Evidence: token-only."
143,Fasting & Intermittent Timer,#566E8F,#FFFFFF,#5B6C86,#FFFFFF,#059669,#0F172A,#0F172A,#FFFFFF,#192134,#FFFFFF,#26365E,#94A3B8,#3D4A6A,#DC2626,#FFFFFF,#566E8F,clock countdown diet focus health intermittent pomodoro productivity timer,"Focused slate on dark + eating green [High-risk replacement; AA text, component and focus contrast verified] | Scenario: fasting-intermittent-timer; Avoid: high-energy-gaming|flash-sale; Origin confidence: 0.5; Recommendation: scenario-first; Evidence: token-only."
144,Anonymous Community / Confession,#5B6C86,#FFFFFF,#566E8F,#FFFFFF,#0891B2,#0F172A,#0F172A,#FFFFFF,#192134,#FFFFFF,#26365E,#94A3B8,#3D4A6A,#DC2626,#FFFFFF,#5B6C86,confession forum group membership network private secret social whisper,"Protective grey + subtle teal on dark [High-risk replacement; AA text, component and focus contrast verified] | Scenario: anonymous-community-confession; Avoid: —; Origin confidence: 0.5; Recommendation: scenario-first; Evidence: token-only."
146,Study Together / Virtual Coworking,#2563EB,#FFFFFF,#3C83F6,#000000,#C98108,#000000,#FAF9F5,#0F172A,#FFFFFF,#0F172A,#F2F0EC,#000000,#E3E2DE,#DC2626,#FFFFFF,#2563EB,academic education exam flashcard learning office school shared space workspace,"Blue + learning yellow [High-risk replacement; AA text, component and focus contrast verified] | Scenario: education|learning|childcare; Avoid: —; Origin confidence: 0.5; Recommendation: scenario-first; Evidence: token-only."
147,Coding Challenge & Practice,#22C55E,#0F172A,#059468,#000000,#8344EE,#FFFFFF,#0F172A,#FFFFFF,#192134,#FFFFFF,#1B3C4C,#94A3B8,#3D4A6A,#DC2626,#FFFFFF,#22C55E,code developer engineer programming software,"Code green + difficulty amber on dark [High-risk replacement; AA text, component and focus contrast verified] | Scenario: saas|developer-tools|ai-products; Avoid: —; Origin confidence: 0.5; Recommendation: scenario-first; Evidence: token-only."
149,Music Instrument Learning,#DC2626,#FFFFFF,#9A3412,#FFFFFF,#D97706,#0F172A,#FFFBEB,#0F172A,#FFFFFF,#0F172A,#FCF1F1,#000000,#FAE4E4,#DC3D28,#000000,#DC2626,audio education educational instrument learn melody rhythm school song sound study teaching,"Musical red + warm amber [High-risk replacement; AA text, component and focus contrast verified] | Scenario: education|learning|childcare; Avoid: —; Origin confidence: 0.5; Recommendation: scenario-first; Evidence: token-only."
150,Parking Finder,#2563EB,#FFFFFF,#059468,#000000,#6164F1,#FFFFFF,#FFFFFF,#0F172A,#FFFFFF,#0F172A,#F1F5FD,#000000,#E4ECFC,#DC2626,#FFFFFF,#2563EB,car park space urban vehicle,"Available blue/green + occupied red; bg neutralized [High-risk replacement; AA text, component and focus contrast verified] | Scenario: parking-finder; Avoid: —; Origin confidence: 0.5; Recommendation: scenario-first; Evidence: token-only."
151,Public Transit Guide,#2563EB,#FFFFFF,#088FB0,#000000,#EA580C,#0F172A,#FFFFFF,#0F172A,#FFFFFF,#0F172A,#F1F5FD,#000000,#E4ECFC,#DC2626,#FFFFFF,#2563EB,bus commute metro public subway train,"Transit blue + line colors [High-risk replacement; AA text, component and focus contrast verified] | Scenario: saas|developer-tools|ai-products; Avoid: —; Origin confidence: 0.5; Recommendation: scenario-first; Evidence: token-only."
153,VPN & Privacy Tool,#386DB2,#FFFFFF,#566E8F,#FFFFFF,#0891B2,#0F172A,#0F172A,#FFFFFF,#192134,#FFFFFF,#223663,#94A3B8,#3D4A6A,#DC2626,#FFFFFF,#386DB2,network privacy protection security,"Dark blue + privacy teal [High-risk replacement; AA text, component and focus contrast verified] | Scenario: vpn-privacy-tool; Avoid: —; Origin confidence: 0.5; Recommendation: scenario-first; Evidence: token-only."
154,Emergency SOS & Safety,#DA2323,#FFFFFF,#EF4343,#000000,#2563EB,#FFFFFF,#FFF1F2,#0F172A,#FFFFFF,#0F172A,#FCF1F1,#000000,#FAE4E4,#DC2626,#FFFFFF,#DC2626,alert crisis safety sos urgent,"Alert red + safety blue [High-risk replacement; AA text, component and focus contrast verified] | Scenario: emergency-sos-safety; Avoid: —; Origin confidence: 0.5; Recommendation: scenario-first; Evidence: token-only."
156,White Noise & Ambient Sound,#5B6C86,#FFFFFF,#566E8F,#FFFFFF,#635AD3,#FFFFFF,#0F172A,#FFFFFF,#192134,#FFFFFF,#26365E,#94A3B8,#3D4A6A,#DC2626,#FFFFFF,#5B6C86,ambient noise relax sleep sound,"Ambient grey + deep indigo on dark [High-risk replacement; AA text, component and focus contrast verified] | Scenario: white-noise-ambient-sound; Avoid: —; Origin confidence: 0.5; Recommendation: scenario-first; Evidence: token-only."
158,Travel/Tourism Agency,#ED002B,#FFFFFF,#790467,#FFFFFF,#92400E,#FFFFFF,#FFFFFF,#222222,#FFFFFF,#222222,#F7F7F7,#000000,#DDDDDD,#DC2626,#FFFFFF,#FF385C,advertising creative destination journey marketing promotion studio tour tourism travel trip vacation,"Brand-inspired (airbnb) [High-risk replacement; AA text, component and focus contrast verified] | Scenario: travel-tourism-agency; Avoid: —; Origin confidence: 0.55; Recommendation: scenario-first; Evidence: token-only."
159,Automotive/Car Dealership,#DA291C,#FFFFFF,#9E962E,#000000,#9A932D,#000000,#181818,#FFFFFF,#FFFFFF,#000000,#383838,#D1D5DB,#4B4B4B,#DC2626,#FFFFFF,#DA291C,auto automotive car driving motor vehicle,"Brand-inspired (ferrari) [High-risk replacement; AA text, component and focus contrast verified] | Scenario: automotive-car-dealership; Avoid: —; Origin confidence: 0.55; Recommendation: scenario-first; Evidence: token-only."
160,AI/Chatbot Platform,#B55838,#FFFFFF,#A1903A,#000000,#449C8B,#000000,#FAF9F5,#141413,#FFFFFF,#141413,#F5F0E8,#000000,#E6DFD8,#DC2626,#FFFFFF,#CC785C,ai assistant bot conversation virtual,"Brand-inspired (claude) [High-risk replacement; AA text, component and focus contrast verified] | Scenario: saas|developer-tools|ai-products; Avoid: —; Origin confidence: 0.55; Recommendation: scenario-first; Evidence: token-only."
161,Developer Tool / IDE,#CC4100,#FFFFFF,#989043,#000000,#1E8662,#FFFFFF,#F7F7F4,#26251E,#FFFFFF,#26251E,#FFFFFF,#64748B,#E6E5E0,#DC2626,#FFFFFF,#F54E00,code coding dev engineer programming software,"Brand-inspired (cursor) [High-risk replacement; AA text, component and focus contrast verified] | Scenario: saas|developer-tools|ai-products; Avoid: —; Origin confidence: 0.55; Recommendation: scenario-first; Evidence: token-only."
162,AI/Chatbot Platform,#D84004,#FFFFFF,#E63E00,#000000,#415673,#FFFFFF,#FFFFFF,#1F1F1F,#FFFFFF,#1F1F1F,#F0F0F0,#000000,#E1E1E1,#DC2626,#FFFFFF,#FA520F,ai assistant bot conversation virtual,"Brand-inspired (mistral.ai) [High-risk replacement; AA text, component and focus contrast verified] | Scenario: saas|developer-tools|ai-products; Avoid: —; Origin confidence: 0.55; Recommendation: scenario-first; Evidence: token-only."
163,Music Streaming,#13883D,#000000,#30A65A,#000000,#1CAB4E,#000000,#FFFFFF,#121212,#FFFFFF,#121212,#EEEEEE,#000000,#4D4D4D,#DC2626,#FFFFFF,#30A65A,audio instrument melody rhythm song sound,"Brand-inspired (spotify) [High-risk replacement; AA text, component and focus contrast verified] | Scenario: music-streaming; Avoid: —; Origin confidence: 0.55; Recommendation: scenario-first; Evidence: token-only."
164,Banking/Traditional Finance,#EB001B,#FFFFFF,#D70007,#FFFFFF,#293F73,#FFFFFF,#FFFFFF,#141413,#FFFFFF,#141413,#F0F0F0,#000000,#E1E1E1,#DC2626,#FFFFFF,#EB001B,bank banking finance financial fintech money,"Brand-inspired (mastercard) [High-risk replacement; AA text, component and focus contrast verified] | Scenario: finance|banking|wealth-management; Avoid: —; Origin confidence: 0.55; Recommendation: scenario-first; Evidence: token-only."
165,SaaS (General),#D54200,#FFFFFF,#EB3B00,#000000,#293F73,#FFFFFF,#FFFEFB,#201515,#FFFFFF,#201515,#FFFEFB,#64748B,#E1E0DD,#DC2626,#FFFFFF,#FF4F00,cloud platform service software tool,"Brand-inspired (zapier) [High-risk replacement; AA text, component and focus contrast verified] | Scenario: saas|developer-tools|ai-products; Avoid: —; Origin confidence: 0.55; Recommendation: scenario-first; Evidence: token-only."
166,Telecom Provider,#AC1811,#FFFFFF,#767676,#FFFFFF,#757575,#FFFFFF,#FFFFFF,#25282B,#FFFFFF,#25282B,#F0F0F0,#000000,#E60000,#DC2626,#FFFFFF,#AC1811,telecom telecommunications carrier network operator phone isp broadband cellular,"Brand-inspired (vodafone) [High-risk replacement; AA text, component and focus contrast verified] | Scenario: telecom-provider; Avoid: —; Origin confidence: 0.55; Recommendation: scenario-first; Evidence: token-only."
167,Cryptocurrency Exchange,#8F7302,#FFFFFF,#6CA22F,#000000,#2FA29C,#000000,#FFFFFF,#181A20,#FFFFFF,#181A20,#F0F0F0,#000000,#E1E1E1,#DC2626,#FFFFFF,#AA9231,bitcoin blockchain crypto defi web3,"Brand-inspired (binance) [High-risk replacement; AA text, component and focus contrast verified] | Scenario: saas|developer-tools|ai-products; Avoid: —; Origin confidence: 0.55; Recommendation: scenario-first; Evidence: token-only."
168,Automotive/Car Dealership,#967100,#000000,#789E2E,#000000,#1CA0CA,#000000,#FFFFFF,#000000,#FFFFFF,#000000,#F0F0F0,#374151,#E1E1E1,#DC2626,#FFFFFF,#AE8F32,auto automotive car driving motor vehicle,"Brand-inspired (lamborghini) [High-risk replacement; AA text, component and focus contrast verified] | Scenario: automotive-car-dealership; Avoid: —; Origin confidence: 0.55; Recommendation: scenario-first; Evidence: token-only."
169,Automotive/Car Dealership,#817800,#000000,#62A343,#000000,#609F41,#000000,#FFFFFF,#000000,#FFFFFF,#000000,#F0F0F0,#374151,#D1D1D1,#DC2626,#FFFFFF,#9E972E,auto automotive car driving motor vehicle,"Brand-inspired (renault) [High-risk replacement; AA text, component and focus contrast verified] | Scenario: automotive-car-dealership; Avoid: —; Origin confidence: 0.55; Recommendation: scenario-first; Evidence: token-only."
170,Remote Work/Collaboration Tool,#481A54,#FFFFFF,#340640,#FFFFFF,#A16207,#FFFFFF,#FFFFFF,#1D1D1D,#FFFFFF,#1D1D1D,#F9F0FF,#000000,#E1E1E1,#DC2626,#FFFFFF,#481A54,remote work collaboration team virtual office meeting,"Brand-inspired (slack) [High-risk replacement; AA text, component and focus contrast verified] | Scenario: remote-work-collaboration-tool; Avoid: —; Origin confidence: 0.55; Recommendation: scenario-first; Evidence: token-only."
171,AI/Chatbot Platform,#DA10AB,#000000,#DD18AE,#000000,#415673,#FFFFFF,#FFFFFF,#000000,#FFFFFF,#000000,#F0F0F0,#374151,#E1E1E1,#DC2626,#FFFFFF,#EF2CC1,ai assistant bot conversation virtual,"Brand-inspired (together.ai) [High-risk replacement; AA text, component and focus contrast verified] | Scenario: saas|developer-tools|ai-products; Avoid: —; Origin confidence: 0.55; Recommendation: scenario-first; Evidence: token-only."
172,Social Media App,#E60023,#FFFFFF,#734B1F,#FFFFFF,#1F7347,#FFFFFF,#FFFFFF,#211922,#FFFFFF,#211922,#F0F0F0,#000000,#C8C8C1,#DC2626,#FFFFFF,#E60023,social network community feed posts sharing,"Brand-inspired (pinterest) [High-risk replacement; AA text, component and focus contrast verified] | Scenario: social-media-app; Avoid: —; Origin confidence: 0.55; Recommendation: scenario-first; Evidence: token-only."
174,Banking/Traditional Finance,#1C1E54,#FFFFFF,#9816E4,#FFFFFF,#E41657,#FFFFFF,#FFFFFF,#061B31,#FFFFFF,#061B31,#F0F0F0,#000000,#E5EDF5,#DC2626,#FFFFFF,#1C1E54,bank banking finance financial fintech money,"Brand-inspired (stripe) [High-risk replacement; AA text, component and focus contrast verified] | Scenario: finance|banking|wealth-management; Avoid: —; Origin confidence: 0.55; Recommendation: scenario-first; Evidence: token-only."
175,Cryptocurrency Exchange,#0052FF,#FFFFFF,#2FA1A2,#000000,#B28F34,#000000,#FFFFFF,#0A0B0D,#FFFFFF,#0A0B0D,#F7F7F7,#000000,#DEE1E6,#DC2626,#FFFFFF,#0052FF,bitcoin blockchain crypto defi web3,"Brand-inspired (coinbase) [High-risk replacement; AA text, component and focus contrast verified] | Scenario: saas|developer-tools|ai-products; Avoid: —; Origin confidence: 0.55; Recommendation: scenario-first; Evidence: token-only."
176,Developer Tool / IDE,#1E7B52,#FFFFFF,#8A8A8A,#000000,#878787,#000000,#EFEFEF,#0F0F0F,#FFFFFF,#0F0F0F,#E0E0E0,#000000,#242424,#DC2626,#FFFFFF,#2D9A69,code coding dev engineer programming software,"Brand-inspired (supabase) [High-risk replacement; AA text, component and focus contrast verified] | Scenario: saas|developer-tools|ai-products; Avoid: —; Origin confidence: 0.55; Recommendation: scenario-first; Evidence: token-only."
177,SaaS (General),#06802E,#FFFFFF,#2E9E52,#000000,#293F73,#FFFFFF,#F5F1EC,#111111,#FFFFFF,#111111,#FFFFFF,#64748B,#D3CEC6,#DC2626,#FFFFFF,#2E9E52,cloud platform service software tool,"Brand-inspired (intercom) [High-risk replacement; AA text, component and focus contrast verified] | Scenario: saas|developer-tools|ai-products; Avoid: —; Origin confidence: 0.55; Recommendation: scenario-first; Evidence: token-only."
178,Developer Tool / IDE,#362659,#FFFFFF,#4D6BBF,#FFFFFF,#7F9E2E,#000000,#FFFFFF,#362D59,#FFFFFF,#362D59,#E5E7EB,#000000,#CFCFDB,#DC2626,#FFFFFF,#362659,code coding dev engineer programming software,"Brand-inspired (sentry) [High-risk replacement; AA text, component and focus contrast verified] | Scenario: saas|developer-tools|ai-products; Avoid: —; Origin confidence: 0.55; Recommendation: scenario-first; Evidence: token-only."
179,Design System/Component Library,#EA005E,#000000,#FF3D8B,#000000,#415673,#FFFFFF,#FFFFFF,#000000,#FFFFFF,#000000,#F7F7F5,#374151,#E6E6E6,#DC2626,#FFFFFF,#FF3D8B,component kit library system ui,"Brand-inspired (figma) [High-risk replacement; AA text, component and focus contrast verified] | Scenario: design-system-component-library; Avoid: —; Origin confidence: 0.55; Recommendation: scenario-first; Evidence: token-only."
180,Cryptocurrency Exchange,#7132F5,#FFFFFF,#14439E,#FFFFFF,#149E61,#101114,#FFFFFF,#101114,#FFFFFF,#101114,#F0F0F0,#000000,#DEDEE5,#DC2626,#FFFFFF,#7132F5,bitcoin blockchain crypto defi web3,"Brand-inspired (kraken) [High-risk replacement; AA text, component and focus contrast verified] | Scenario: saas|developer-tools|ai-products; Avoid: —; Origin confidence: 0.55; Recommendation: scenario-first; Evidence: token-only."
181,Gaming,#0070CC,#FFFFFF,#1900D5,#FFFFFF,#D53B00,#FFFFFF,#FFFFFF,#000000,#FFFFFF,#000000,#FFFFFF,#64748B,#F3F3F3,#DC2626,#FFFFFF,#0070CC,arcade entertainment fun game play puzzle,Brand-inspired (playstation) | Scenario: saas|developer-tools|ai-products; Avoid: —; Origin confidence: 0.55; Recommendation: scenario-first; Evidence: token-only.
182,Productivity Tool,#5E6AD2,#FFFFFF,#7B7FAD,#000000,#7A7FAD,#000000,#010102,#F7F8F8,#FFFFFF,#000000,#2A2D30,#FFFFFF,#3D4049,#DC2626,#FFFFFF,#5E6AD2,efficiency organize task tool work,"Brand-inspired (linear.app) [High-risk replacement; AA text, component and focus contrast verified] | Scenario: productivity-tool; Avoid: —; Origin confidence: 0.55; Recommendation: scenario-first; Evidence: token-only."
183,AI/Chatbot Platform,#11823B,#FFFFFF,#16A249,#000000,#7C3AED,#FFFFFF,#F5F5F5,#0C0A09,#FFFFFF,#0C0A09,#FFFFFF,#64748B,#E7E5E4,#DC2626,#FFFFFF,#16A34A,ai assistant bot conversation virtual,"Green primary + AI purple [High-risk replacement; AA text, component and focus contrast verified] | Scenario: saas|developer-tools|ai-products; Avoid: —; Origin confidence: 0.5; Recommendation: scenario-first; Evidence: token-only."
184,Banking/Traditional Finance,#428615,#000000,#5EA630,#000000,#293F73,#FFFFFF,#FFFFFF,#0E0F0C,#FFFFFF,#0E0F0C,#E8EBE6,#000000,#E1E1E1,#DC2626,#FFFFFF,#5EA630,bank banking finance financial fintech money,"Brand-inspired (wise) [High-risk replacement; AA text, component and focus contrast verified] | Scenario: finance|banking|wealth-management; Avoid: —; Origin confidence: 0.55; Recommendation: scenario-first; Evidence: token-only."
185,Magazine/Blog,#008767,#000000,#0093FF,#000000,#5200FF,#FFFFFF,#FFFFFF,#131313,#FFFFFF,#131313,#E9E9E9,#000000,#FFFFFF,#DC2626,#FFFFFF,#30A68A,blog content editorial magazine media publication writing,"Brand-inspired (theverge) [High-risk replacement; AA text, component and focus contrast verified] | Scenario: magazine-blog; Avoid: —; Origin confidence: 0.55; Recommendation: scenario-first; Evidence: token-only."
186,Fashion E-commerce,#CB3F00,#FFFFFF,#FF500A,#000000,#AA8831,#000000,#F5F5F5,#333333,#FFFFFF,#333333,#F0F0F0,#000000,#E8E8E8,#DC2626,#FFFFFF,#FF5000,apparel boutique clothing outfit style wardrobe,"Fashion e-commerce — taobao-style orange + golden promotion accent [High-risk replacement; AA text, component and focus contrast verified] | Scenario: fashion-e-commerce; Avoid: —; Origin confidence: 0.5; Recommendation: scenario-first; Evidence: token-only."
187,Clothing Brand / Boutique,#59443E,#FFFFFF,#57534E,#FFFFFF,#B45309,#FFFFFF,#FAFAF9,#1C1917,#FFFFFF,#292524,#F5F5F4,#000000,#E7E5E4,#DC2626,#FFFFFF,#59443E,apparel boutique fashion outfit style wardrobe,"Clothing boutique — editorial dark + warm gold fashion accent [High-risk replacement; AA text, component and focus contrast verified] | Scenario: clothing-brand-boutique; Avoid: —; Origin confidence: 0.5; Recommendation: scenario-first; Evidence: token-only."
188,Fashion E-commerce / Retail,#E22C2F,#FFFFFF,#C41C1F,#FFFFFF,#BE8C37,#000000,#FFFFFF,#262626,#FFFFFF,#262626,#F7F7F7,#000000,#E5E5E5,#DC2626,#FFFFFF,#E22C2F,apparel boutique buy clothing ecommerce mall outfit shop shopping store style wardrobe,"Fashion retail — red professional e-commerce clothing [High-risk replacement; AA text, component and focus contrast verified] | Scenario: saas|developer-tools|ai-products; Avoid: —; Origin confidence: 0.5; Recommendation: scenario-first; Evidence: token-only."
189,Educational App,#3A8701,#FFFFFF,#47A800,#000000,#419DC8,#000000,#FFFFFF,#1A2B0A,#FFFFFF,#1A2B0A,#F0F4E8,#000000,#DDE8CC,#DC2626,#FFFFFF,#57A71B,classroom course education learning school student teach tutor,"Brand-inspired (duolingo) [High-risk replacement; AA text, component and focus contrast verified] | Scenario: education|learning|childcare; Avoid: —; Origin confidence: 0.55; Recommendation: scenario-first; Evidence: token-only."
190,E-commerce Luxury,#1B7684,#FFFFFF,#2C737C,#FFFFFF,#36F4A4,#0F172A,#000000,#FFFFFF,#1E1E1E,#FFFFFF,#1A2A24,#8A9B94,#1E3932,#DC2626,#FFFFFF,#1B7684,boutique exclusive high-end luxury premium shop showcase,"Brand-inspired (shopify) [High-risk replacement; AA text, component and focus contrast verified] | Scenario: e-commerce-luxury; Avoid: childcare|mass-market-discount; Origin confidence: 0.55; Recommendation: scenario-first; Evidence: token-only."
191,E-commerce Luxury,#3E4759,#FFFFFF,#39393B,#FFFFFF,#D94E17,#000000,#FFFFFF,#111111,#FFFFFF,#111111,#F5F5F5,#6B6B6B,#E5E5E5,#DC2626,#FFFFFF,#3E4759,athletic brand flagship minimal sport streetwear,Brand-inspired (nike) | Scenario: e-commerce-luxury; Avoid: childcare|mass-market-discount; Origin confidence: 0.55; Recommendation: scenario-first; Evidence: token-only.
192,SaaS (General),#E32D00,#FFFFFF,#E0603F,#0F172A,#0091AE,#0F172A,#FFFFFF,#2D3748,#FFFFFF,#2D3748,#F5F7FA,#000000,#E2E8F0,#DC2626,#FFFFFF,#FF6038,crm growth inbound marketing pipeline sales,"Brand-inspired (hubspot) [High-risk replacement; AA text, component and focus contrast verified] | Scenario: saas|developer-tools|ai-products; Avoid: —; Origin confidence: 0.55; Recommendation: scenario-first; Evidence: token-only."
193,Remote Work/Collaboration Tool,#636FF3,#000000,#6C75D0,#000000,#57F287,#0F172A,#313338,#FFFFFF,#1E1E1E,#FFFFFF,#2B2D31,#96989D,#1E1F22,#E14242,#000000,#636FF3,chat community gaming group server social voice,"Brand-inspired (discord) [High-risk replacement; AA text, component and focus contrast verified] | Scenario: remote-work-collaboration-tool; Avoid: —; Origin confidence: 0.55; Recommendation: scenario-first; Evidence: token-only."
194,Ride Hailing / Transportation,#3E4759,#FFFFFF,#1A1A1A,#FFFFFF,#1B8A5A,#000000,#FFFFFF,#000000,#FFFFFF,#000000,#F3F3F3,#374151,#E2E2E2,#DC2626,#FFFFFF,#3E4759,car commute drive mobility ride taxi transport trip,"Brand-inspired (uber) [High-risk replacement; AA text, component and focus contrast verified] | Scenario: saas|developer-tools|ai-products; Avoid: —; Origin confidence: 0.55; Recommendation: scenario-first; Evidence: token-only."
195,Banking/Traditional Finance,#003087,#FFFFFF,#002070,#FFFFFF,#AE9032,#000000,#FFFFFF,#003087,#FFFFFF,#1A1A2E,#F5F7FA,#6B7280,#E5E7EB,#DC2626,#FFFFFF,#003087,checkout money pay send transfer wallet,"Brand-inspired (paypal) [High-risk replacement; AA text, component and focus contrast verified] | Scenario: finance|banking|wealth-management; Avoid: —; Origin confidence: 0.55; Recommendation: scenario-first; Evidence: token-only."
196,Banking/Traditional Finance,#00C805,#0F172A,#00A604,#0F172A,#FF5000,#0F172A,#000000,#FFFFFF,#1E1E1E,#FFFFFF,#1A1A1A,#8A8A8A,#333333,#DC2626,#FFFFFF,#00C805,invest portfolio stock trade watchlist,Brand-inspired (robinhood) | Scenario: finance|banking|wealth-management; Avoid: —; Origin confidence: 0.55; Recommendation: scenario-first; Evidence: token-only.
197,Banking/Traditional Finance,#4D8400,#FFFFFF,#73A22F,#000000,#0369A1,#FFFFFF,#FFFFFF,#0D0D0D,#FFFFFF,#0D0D0D,#F5F5F5,#000000,#E5E5E5,#DC2626,#FFFFFF,#72A22F,card corporate expense reimbursement savings spend,"Brand-inspired (ramp) [High-risk replacement; AA text, component and focus contrast verified] | Scenario: finance|banking|wealth-management; Avoid: —; Origin confidence: 0.55; Recommendation: scenario-first; Evidence: token-only."
198,Banking/Traditional Finance,#00D64F,#0F172A,#00BF46,#0F172A,#00D668,#000000,#000000,#FFFFFF,#1E1E1E,#FFFFFF,#1A1A1A,#8A8A8A,#242424,#DC2626,#FFFFFF,#00D64F,boost cash p2p payment send transfer,"Brand-inspired (cashapp) [High-risk replacement; AA text, component and focus contrast verified] | Scenario: finance|banking|wealth-management; Avoid: —; Origin confidence: 0.55; Recommendation: scenario-first; Evidence: token-only."
199,Magazine/Blog,#FFBB00,#0F172A,#E8A800,#0F172A,#375EDD,#FFFFFF,#000000,#FFFFFF,#1E1E1E,#FFFFFF,#1A1A1A,#8A8A8A,#333333,#DC2626,#FFFFFF,#FFBB00,creator growth monetize newsletter publish subscriber,"Brand-inspired (beehiiv) [High-risk replacement; AA text, component and focus contrast verified] | Scenario: magazine-blog; Avoid: —; Origin confidence: 0.55; Recommendation: scenario-first; Evidence: token-only."
200,Magazine/Blog,#AE6500,#FFFFFF,#DB7B00,#000000,#6D28D9,#FFFFFF,#FFFFFF,#15171A,#FFFFFF,#15171A,#F5F5F5,#000000,#E5E7EB,#DC2626,#FFFFFF,#C28838,blog cms ghost independent journal publishing writing,"Brand-inspired (ghost) [High-risk replacement; AA text, component and focus contrast verified] | Scenario: magazine-blog; Avoid: —; Origin confidence: 0.55; Recommendation: scenario-first; Evidence: token-only."
201,Dashboard,#8A5DB6,#FFFFFF,#8C5AB9,#FFFFFF,#924FD8,#FFFFFF,#282828,#E0E0E0,#1E1E1E,#E0E0E0,#333333,#FFFFFF,#3D3D3D,#DC2626,#FFFFFF,#8A5DB6,apm infrastructure metrics monitoring observability trace,"Brand-inspired (datadog) [High-risk replacement; AA text, component and focus contrast verified] | Scenario: dashboard; Avoid: —; Origin confidence: 0.55; Recommendation: scenario-first; Evidence: token-only."
202,Dashboard,#F46800,#0F172A,#DC5C00,#0F172A,#3D71D9,#FFFFFF,#181B1F,#D9D9D9,#1E1E1E,#D9D9D9,#242629,#8E8E8E,#34373B,#DC2626,#FFFFFF,#F46800,alert dashboard grafana logs metrics panel visualization,Brand-inspired (grafana) | Scenario: dashboard; Avoid: —; Origin confidence: 0.55; Recommendation: scenario-first; Evidence: token-only.
203,Design System/Component Library,#7B2FBE,#FFFFFF,#6B28A6,#FFFFFF,#1BA1A7,#000000,#FFFFFF,#0D1216,#FFFFFF,#0D1216,#F5F0FF,#000000,#E5D9F2,#DC2626,#FFFFFF,#7B2FBE,canvas creative design edit template visual,"Brand-inspired (canva) [High-risk replacement; AA text, component and focus contrast verified] | Scenario: design-system-component-library; Avoid: —; Origin confidence: 0.55; Recommendation: scenario-first; Evidence: token-only."
204,AI/Chatbot Platform,#0D8669,#FFFFFF,#0E9270,#0F172A,#10A37F,#0F172A,#FFFFFF,#212121,#FFFFFF,#212121,#F7F7F8,#6E6E80,#E5E5E5,#DC2626,#FFFFFF,#10A37F,ai chat completion gpt model prompt,Brand-inspired (openai) | Scenario: saas|developer-tools|ai-products; Avoid: —; Origin confidence: 0.55; Recommendation: scenario-first; Evidence: token-only.
205,AI/Chatbot Platform,#BF512C,#FFFFFF,#A8421F,#FFFFFF,#C2522D,#FFFFFF,#FAF9F5,#1A1A18,#FFFFFF,#1A1A18,#F2F0EC,#6B6B63,#D8D4CC,#DC2626,#FFFFFF,#C2522D,ai alignment assistant constitutional safety,Brand-inspired (anthropic) | Scenario: saas|developer-tools|ai-products; Avoid: —; Origin confidence: 0.55; Recommendation: scenario-first; Evidence: token-only.
206,Automotive/Car Dealership,#3E6AE1,#FFFFFF,#2E56C4,#FFFFFF,#3D56E1,#FFFFFF,#FFFFFF,#171A20,#FFFFFF,#171A20,#F4F4F4,#5C5E62,#E5E5E5,#DC2626,#FFFFFF,#3E6AE1,auto electric ev luxury motor showroom vehicle,"Brand-inspired (tesla) [High-risk replacement; AA text, component and focus contrast verified] | Scenario: automotive-car-dealership; Avoid: childcare|mass-market-discount; Origin confidence: 0.55; Recommendation: scenario-first; Evidence: token-only."
207,Productivity Tool,#5645D4,#FFFFFF,#3A2A99,#FFFFFF,#E16259,#0F172A,#FFFFFF,#0A1530,#FFFFFF,#0A1530,#F7F6F3,#000000,#E3E2DE,#DC2626,#FFFFFF,#5645D4,database docs notes wiki workspace,"Brand-inspired (notion) [High-risk replacement; AA text, component and focus contrast verified] | Scenario: saas|developer-tools|ai-products; Avoid: —; Origin confidence: 0.55; Recommendation: scenario-first; Evidence: token-only."
208,SaaS (General),#E4F222,#0F172A,#C8D91E,#0F172A,#5E6AD2,#FFFFFF,#08090A,#F7F8F8,#161718,#F7F8F8,#23252A,#8A8F98,#323334,#EB5656,#000000,#E4F222,app b2b cloud dark night saas software tool,"Midnight command center — neon lime on obsidian (Linear-inspired dark) [High-risk replacement; AA text, component and focus contrast verified] | Scenario: saas|developer-tools|ai-products; Avoid: —; Origin confidence: 0.5; Recommendation: scenario-first; Evidence: token-only."
209,Developer Tool / IDE,#A78BFA,#0F172A,#8655F6,#FFFFFF,#22D3EE,#0F172A,#0D0E11,#E2E8F0,#1A1B1F,#E2E8F0,#252629,#FFFFFF,#3A3A3F,#EF4343,#000000,#A78BFA,cli code dark dev devtool editor ide terminal,"Synthwave dark lab — violet + cyan neon on charcoal [High-risk replacement; AA text, component and focus contrast verified] | Scenario: saas|developer-tools|ai-products; Avoid: —; Origin confidence: 0.5; Recommendation: scenario-first; Evidence: token-only."
210,Restaurant/Food Service,#D49653,#0F172A,#C08440,#0F172A,#EFA680,#0F172A,#140B00,#FFF1E0,#1E1409,#FFF1E0,#2A1F12,#A69478,#43392D,#DC2626,#FFFFFF,#D49653,bistro cuisine dark dining food gourmet restaurant upscale,Midnight desert oasis — warm gold on deep umber | Scenario: restaurant-food-service; Avoid: —; Origin confidence: 0.5; Recommendation: scenario-first; Evidence: token-only.
211,Analytics Dashboard,#9984D8,#0F172A,#7C6CC1,#000000,#22C55E,#0F172A,#0A0A0F,#E8E8EC,#141418,#E8E8EC,#1E1E24,#FFFFFF,#2E2E36,#EF4343,#000000,#9984D8,admin analytics bi dark dashboard data panel visualization,"Midnight data studio — lavender metrics on deep void [High-risk replacement; AA text, component and focus contrast verified] | Scenario: saas|developer-tools|ai-products; Avoid: —; Origin confidence: 0.5; Recommendation: scenario-first; Evidence: token-only."
212,Fintech/Crypto,#00D68F,#0F172A,#00B377,#0F172A,#FF6B35,#0F172A,#012624,#E0F2EF,#03332F,#E0F2EF,#064A44,#FFFFFF,#0A5C54,#EF4343,#000000,#00D68F,blockchain crypto dark defi finance fintech trading wallet,"Deep-sea radiant data — emerald glow on ocean floor [High-risk replacement; AA text, component and focus contrast verified] | Scenario: finance|banking|wealth-management; Avoid: —; Origin confidence: 0.5; Recommendation: scenario-first; Evidence: token-only."
213,AI/Chatbot Platform,#D97757,#0F172A,#C16444,#000000,#788C5D,#0F172A,#141413,#FAF9F5,#1E1E1D,#FAF9F5,#2A2A28,#FFFFFF,#3D3D3A,#DC2626,#FFFFFF,#D97757,ai assistant chatbot dark llm model research safety,"Research journal on warm stone — terracotta on dark parchment [High-risk replacement; AA text, component and focus contrast verified] | Scenario: saas|developer-tools|ai-products; Avoid: —; Origin confidence: 0.5; Recommendation: scenario-first; Evidence: token-only."
214,Productivity Tool,#C7E3FF,#000000,#E5E5E5,#000000,#3B82F6,#0F172A,#000000,#EEEEEE,#141414,#EEEEEE,#1E1E1E,#888888,#2A2A2A,#EF4343,#000000,#C7E3FF,collaboration dark notes productivity tool workspace,"Matte black precision instrument — monochrome control surface [High-risk replacement; AA text, component and focus contrast verified] | Scenario: productivity-tool; Avoid: —; Origin confidence: 0.5; Recommendation: scenario-first; Evidence: token-only."
215,Creative Agency,#FF4105,#0F172A,#E73A04,#000000,#FFD60A,#0F172A,#0D1117,#E6EDF3,#161B22,#E6EDF3,#21262D,#FFFFFF,#30363D,#DA3633,#FFFFFF,#FF4105,agency brand creative dark design portfolio studio,"Electric storm over a blueprint — vivid neon on deep navy [High-risk replacement; AA text, component and focus contrast verified] | Scenario: creative-agency; Avoid: —; Origin confidence: 0.5; Recommendation: scenario-first; Evidence: token-only."
216,SaaS (General),#59593E,#FFFFFF,#3D3D3A,#FFFFFF,#C2522D,#FFFFFF,#FAF9F5,#141413,#FFFFFF,#141413,#F2F0EC,#6B6B63,#D8D4CC,#DC2626,#FFFFFF,#59593E,academic editorial research saas tool warm,Academic journal on vellum — warm stone editorial | Scenario: saas|developer-tools|ai-products; Avoid: —; Origin confidence: 0.5; Recommendation: scenario-first; Evidence: token-only.
217,Educational App,#3A8701,#FFFFFF,#48A800,#000000,#C28938,#000000,#FFFFFF,#3C3C3C,#FFFFFF,#3C3C3C,#E5E5E5,#000000,#E5E5E5,#FF4D4D,#000000,#57A71B,app education fun gamified language learning playful,"Playground starter kit — bold gamified green + orange rewards [High-risk replacement; AA text, component and focus contrast verified] | Scenario: education|learning|childcare; Avoid: regulated-finance|clinical-emergency; Origin confidence: 0.5; Recommendation: scenario-first; Evidence: token-only."
218,Payments / Checkout,#533AFD,#FFFFFF,#4529E0,#FFFFFF,#FF580A,#000000,#FFFFFF,#061B31,#F8FAFD,#061B31,#E5EDF5,#50617A,#D8D6DF,#DC2626,#FFFFFF,#533AFD,checkout fintech gateway payment processing stripe,"Architectural blueprint on white marble — violet precision [High-risk replacement; AA text, component and focus contrast verified] | Scenario: payments-checkout; Avoid: —; Origin confidence: 0.5; Recommendation: scenario-first; Evidence: token-only."
219,Design System/Component Library,#E80000,#FFFFFF,#E55C5C,#000000,#2D9F97,#000000,#FFF8F6,#2D3436,#FFFFFF,#2D3436,#F5EFED,#000000,#F0E0DB,#DC2626,#FFFFFF,#FF5252,canvas component creative design tool ui-kit visual,"Vibrant pink playground — coral dance on warm blush canvas [High-risk replacement; AA text, component and focus contrast verified] | Scenario: design-system-component-library; Avoid: —; Origin confidence: 0.5; Recommendation: scenario-first; Evidence: token-only."
220,Magazine/Blog,#3E4759,#FFFFFF,#333333,#FFFFFF,#B91C1C,#FFFFFF,#FFFFFF,#111111,#F9F9F9,#111111,#F3F3F3,#000000,#E8E8E8,#DC2626,#FFFFFF,#3E4759,article blog editorial literary magazine medium publishing,"Digital ink on vellum — monochrome typographic authority [High-risk replacement; AA text, component and focus contrast verified] | Scenario: magazine-blog; Avoid: —; Origin confidence: 0.5; Recommendation: scenario-first; Evidence: token-only."
221,Healthcare App,#00543D,#FFFFFF,#004432,#FFFFFF,#D97706,#0F172A,#FBFDF6,#0A1D08,#FFFFFF,#0A1D08,#F0F4EA,#5C6B55,#D9E3D0,#DC2626,#FFFFFF,#00543D,calm clinical health medical patient wellness,Mist-shrouded valley — deep forest green on meadow white | Scenario: healthcare-app; Avoid: high-energy-gaming|flash-sale; Origin confidence: 0.5; Recommendation: scenario-first; Evidence: token-only.
222,Food Delivery / On-Demand,#B63A00,#FFFFFF,#E04800,#000000,#524AE9,#FFFFFF,#E2E2DF,#070607,#EFEEEB,#070607,#D5D4D0,#000000,#C8C7C3,#DC2626,#FFFFFF,#E64900,delivery food on-demand order quick takeout,"Pixelated cyber-playground — vivid orange on warm concrete [High-risk replacement; AA text, component and focus contrast verified] | Scenario: food-delivery-on-demand; Avoid: —; Origin confidence: 0.5; Recommendation: scenario-first; Evidence: token-only."
223,Calendar & Scheduling App,#8A7500,#FFFFFF,#A69430,#000000,#1A67FD,#FFFFFF,#FFFEFB,#1D2130,#FFFFFF,#1D2130,#F5F3ED,#000000,#E5E3DC,#DC2626,#FFFFFF,#A69430,calendar events planner schedule scheduling sunny warm,"Sunlit productivity canvas — bright yellow on warm cream [High-risk replacement; AA text, component and focus contrast verified] | Scenario: calendar-scheduling-app; Avoid: —; Origin confidence: 0.5; Recommendation: scenario-first; Evidence: token-only."
224,Membership/Community,#DC371A,#FFFFFF,#D07D6D,#000000,#AA8F31,#000000,#FFFEFB,#222222,#FFFFFF,#222222,#F5F0ED,#000000,#E8E0DB,#DC2626,#FFFFFF,#EB6D57,club community forum member social support warm,"Warm buoyant community canvas — peach + gold on cream [High-risk replacement; AA text, component and focus contrast verified] | Scenario: membership-community; Avoid: —; Origin confidence: 0.5; Recommendation: scenario-first; Evidence: token-only."
225,Portfolio/Personal,#E7D2B4,#0F172A,#D5CCB8,#0F172A,#E7DED1,#0F172A,#000000,#E7DED1,#0A0A0A,#E7DED1,#151515,#FFFFFF,#252220,#DC2626,#FFFFFF,#E7D2B4,creative dark gallery portfolio projects showcase,"Black canvas stark typography — ghost sand on midnight void [High-risk replacement; AA text, component and focus contrast verified] | Scenario: portfolio-personal; Avoid: —; Origin confidence: 0.5; Recommendation: scenario-first; Evidence: token-only."
226,Meditation & Mindfulness,#5764FE,#FFFFFF,#7F87E6,#000000,#EF6262,#000000,#FFFFFF,#2D2D2D,#FAFAFE,#2D2D2D,#F0F0F8,#000000,#E8E8F0,#DC2626,#FFFFFF,#7A84FF,breathe calm meditation mindful relax serenity soft wellness,"Ethereal lavender mist — periwinkle + blush on pure white [High-risk replacement; AA text, component and focus contrast verified] | Scenario: meditation-mindfulness; Avoid: high-energy-gaming|flash-sale; Origin confidence: 0.5; Recommendation: scenario-first; Evidence: token-only."
227,Real Estate/Property,#8B6914,#FFFFFF,#725510,#FFFFFF,#1A5632,#FFFFFF,#FAF5F2,#2D2520,#FFFFFF,#2D2520,#F0EAE5,#000000,#E0D6CD,#DC2626,#FFFFFF,#8B6914,estate home housing land luxury property real,"Warm sandstone gallery — burnished gold + forest on linen [High-risk replacement; AA text, component and focus contrast verified] | Scenario: home-interior|hospitality|lifestyle; Avoid: childcare|mass-market-discount; Origin confidence: 0.5; Recommendation: scenario-first; Evidence: token-only."
228,Survey / Form Builder,#4F46E5,#FFFFFF,#7D88F8,#000000,#BA8936,#000000,#FAFBFF,#1E1B4B,#FFFFFF,#1E1B4B,#EEF0FA,#000000,#E0E2F0,#DC2626,#FFFFFF,#6164F1,feedback form poll questionnaire quiz response survey typeform,"Calm indigo focus — warm amber progress bar on cool lavender canvas [High-risk replacement; AA text, component and focus contrast verified] | Scenario: saas|developer-tools|ai-products; Avoid: high-energy-gaming|flash-sale; Origin confidence: 0.5; Recommendation: scenario-first; Evidence: token-only."
229,Survey / Form Builder,#B45309,#FFFFFF,#92400E,#FFFFFF,#047857,#FFFFFF,#FFFBF5,#292524,#FFFFFF,#292524,#F5F0E8,#000000,#E7E0D5,#DC2626,#FFFFFF,#D97706,caring cozy emotional feedback friendly lifestyle warm,"Warm honey questionnaire — amber + sage on cream [High-risk replacement; AA text, component and focus contrast verified] | Scenario: survey-form-builder; Avoid: regulated-finance|clinical-emergency; Origin confidence: 0.5; Recommendation: scenario-first; Evidence: token-only."
230,Traditional Craft / Cultural Brand,#8B2500,#FFFFFF,#6B1D00,#FFFFFF,#AF893C,#000000,#FDF8F0,#2C1810,#FFFDF8,#2C1810,#F5EDE0,#000000,#E8DCC8,#DC2626,#FFFFFF,#8B2500,artisan calligraphy chinese craft cultural festival heritage ink oriental traditional,"Vermilion seal on rice paper — classical red + muted gold on warm ivory [High-risk replacement; AA text, component and focus contrast verified] | Scenario: traditional-craft-cultural-brand; Avoid: —; Origin confidence: 0.5; Recommendation: scenario-first; Evidence: token-only."
231,Traditional Craft / Cultural Brand,#CC0000,#FFFFFF,#A00000,#FFFFFF,#AA8931,#000000,#FFF5F5,#1A0505,#FFFAFA,#1A0505,#F5E8E8,#000000,#E8D0D0,#DC2626,#FFFFFF,#CC0000,celebration festive greeting lunar new-year poster spring-festival,"Auspicious crimson + imperial gold on rose white — festive Chinese [High-risk replacement; AA text, component and focus contrast verified] | Scenario: traditional-craft-cultural-brand; Avoid: —; Origin confidence: 0.5; Recommendation: scenario-first; Evidence: token-only."
232,Educational (Institutional),#1E3A5F,#FFFFFF,#2C4F7C,#FFFFFF,#B8860B,#0F172A,#F8F9FB,#0F1A2E,#FFFFFF,#0F1A2E,#EDF0F5,#000000,#D8DDE5,#DC2626,#FFFFFF,#1E3A5F,academy campus institutional management school structured university,"Academic navy + heritage gold on cool white — institutional authority [High-risk replacement; AA text, component and focus contrast verified] | Scenario: education|learning|childcare; Avoid: —; Origin confidence: 0.5; Recommendation: scenario-first; Evidence: token-only."
233,Educational (Gamified),#7C3AED,#FFFFFF,#9B7BF9,#000000,#1BA778,#000000,#FEFCFF,#1E1040,#FFFFFF,#1E1040,#F3EEFA,#000000,#E5DCF5,#DC2626,#FFFFFF,#7C3AED,colorful fun gamified interactive kids learning nature playful spring,"Playful violet + emerald reward — gamified education energy [High-risk replacement; AA text, component and focus contrast verified] | Scenario: education|learning|childcare; Avoid: regulated-finance|clinical-emergency; Origin confidence: 0.5; Recommendation: scenario-first; Evidence: token-only."
234,SaaS (Warm Editorial),#92400E,#FFFFFF,#78350F,#FFFFFF,#0369A1,#FFFFFF,#FFFBF7,#1C1917,#FFFFFF,#1C1917,#F5EDE5,#000000,#E7DDD0,#DC2626,#FFFFFF,#92400E,academic content editorial informational publication scholarly warm,"Warm sienna ink on parchment — editorial warmth + blue link accent [High-risk replacement; AA text, component and focus contrast verified] | Scenario: saas|developer-tools|ai-products; Avoid: —; Origin confidence: 0.5; Recommendation: scenario-first; Evidence: token-only."
235,Fintech (Enterprise),#0F4C75,#FFFFFF,#1B6FA8,#FFFFFF,#0E7C86,#FFFFFF,#F5F7FA,#0A1929,#FFFFFF,#0A1929,#E8EDF3,#5A6B7E,#D0D8E3,#DC2626,#FFFFFF,#0F4C75,asset authoritative banking enterprise finance institutional structured,Deep steel blue trio on cool grey — enterprise financial authority | Scenario: finance|banking|wealth-management; Avoid: —; Origin confidence: 0.5; Recommendation: scenario-first; Evidence: token-only.
236,Government/Public Service,#1D4E89,#FFFFFF,#2A6CB5,#FFFFFF,#C53030,#FFFFFF,#F7F8FA,#111827,#FFFFFF,#111827,#EBEEF3,#000000,#D5DAE3,#DC2626,#FFFFFF,#1D4E89,civic government grid-based informational legal public service utilitarian,"Civic blue + flag red on neutral white — institutional public service [High-risk replacement; AA text, component and focus contrast verified] | Scenario: government-public-service; Avoid: —; Origin confidence: 0.5; Recommendation: scenario-first; Evidence: token-only."
237,Dashboard (Dense Dark),#22D3EE,#0F172A,#06B6D4,#0F172A,#F59E0B,#0F172A,#0F1117,#E2E8F0,#1A1D26,#E2E8F0,#242832,#94A3B8,#2D3340,#EF4343,#000000,#22D3EE,agriculture dark dense industrial monitoring pest surveillance utilitarian,"Cyan data pulse on deep void — industrial monitoring dark [High-risk replacement; AA text, component and focus contrast verified] | Scenario: dashboard-dense-dark; Avoid: —; Origin confidence: 0.5; Recommendation: scenario-first; Evidence: token-only."
238,Creative Agency (Editorial),#3E4759,#FFFFFF,#333333,#FFFFFF,#C04D03,#FFFFFF,#FFFDF8,#1A1A1A,#FFFFFF,#1A1A1A,#F5F0E8,#6B6B6B,#E5DDD0,#DC2626,#FFFFFF,#3E4759,agency creative editorial lifestyle magazine minimalist retail,Black ink + burnt orange CTA on warm parchment — editorial authority | Scenario: saas|developer-tools|ai-products; Avoid: —; Origin confidence: 0.5; Recommendation: scenario-first; Evidence: token-only.
239,Healthcare (Wellness),#2D7A6D,#FFFFFF,#246455,#FFFFFF,#DB7833,#000000,#FAFDF9,#1A2E28,#FFFFFF,#1A2E28,#EDF5F0,#000000,#D5E5DB,#DC2626,#FFFFFF,#4A9D8E,calm oriental serenity spa wellness,"Sage teal + warm peach on mint white — wellness serenity [High-risk replacement; AA text, component and focus contrast verified] | Scenario: healthcare-wellness; Avoid: high-energy-gaming|flash-sale; Origin confidence: 0.5; Recommendation: scenario-first; Evidence: token-only."
240,Healthcare (Clinical),#0077B6,#FFFFFF,#0096C7,#000000,#00A2C2,#000000,#FFFFFF,#023E58,#FFFFFF,#023E58,#E8F4F8,#000000,#CCE5ED,#DC2626,#FFFFFF,#0077B6,clinical healthcare laboratory medical precision serene utilitarian,"Clinical cerulean gradient on sterile blue-white — medical precision; bg neutralized [High-risk replacement; AA text, component and focus contrast verified] | Scenario: healthcare-clinical; Avoid: high-energy-gaming|flash-sale; Origin confidence: 0.5; Recommendation: scenario-first; Evidence: token-only."
241,Greeting Card / Invitation,#C9445A,#FFFFFF,#B85566,#FFFFFF,#769A65,#000000,#FFF9F7,#2D1F2A,#FFFFFF,#2D1F2A,#F5ECEA,#000000,#EADDD8,#DC2626,#FFFFFF,#D4697A,card floral greeting invitation pastel romantic seasonal soft wish,"Rose petal + sage leaf on blush — greeting card warmth [High-risk replacement; AA text, component and focus contrast verified] | Scenario: greeting-card-invitation; Avoid: —; Origin confidence: 0.5; Recommendation: scenario-first; Evidence: token-only."
242,Tech Event / Conference,#7D40DD,#FFFFFF,#7C3AED,#FFFFFF,#06B6D4,#0F172A,#0A0A1A,#E2E8F0,#151530,#E2E8F0,#1E1E3A,#94A3B8,#2D2D50,#EF4343,#000000,#7D40DD,conference cyberpunk event expo futuristic hackathon summit tech,"Electric violet + neon cyan on deep space — tech event spectacle [High-risk replacement; AA text, component and focus contrast verified] | Scenario: tech-event-conference; Avoid: —; Origin confidence: 0.5; Recommendation: scenario-first; Evidence: token-only."
243,Science / Astronomy Education,#325ADC,#FFFFFF,#3C83F6,#000000,#F59E0B,#0F172A,#050A20,#E2E8F0,#0F1535,#E2E8F0,#1A2040,#94A3B8,#253060,#EF4343,#000000,#325ADC,astronomy cosmic galaxy planet science simulation solar space star universe,"Deep space blue + stellar amber on cosmic void — astronomy education [High-risk replacement; AA text, component and focus contrast verified] | Scenario: education|learning|childcare; Avoid: —; Origin confidence: 0.5; Recommendation: scenario-first; Evidence: token-only."
244,Festival (Dragon Boat),#2D6A4F,#FFFFFF,#3A7D60,#FFFFFF,#A68B3C,#0F172A,#F5FAF7,#1B3D2E,#FFFFFF,#1B3D2E,#E8F0EB,#000000,#D0DED5,#DC2626,#FFFFFF,#2D6A4F,bamboo dragon-boat dumpling festival green mugwort traditional zongzi,"Bamboo green + zongzi gold on misty white — Dragon Boat serenity [High-risk replacement; AA text, component and focus contrast verified] | Scenario: festival-dragon-boat; Avoid: —; Origin confidence: 0.5; Recommendation: scenario-first; Evidence: token-only."
245,Festival (Mid-Autumn),#1E3A5F,#FFFFFF,#264B75,#FFFFFF,#B28729,#000000,#F8F6F0,#0F1D30,#FFFFFF,#0F1D30,#EBE8E0,#000000,#D5D0C5,#DC2626,#FFFFFF,#1E3A5F,autumn festival lantern mid-autumn moon mooncake moonlight reunion,"Moonlit navy + harvest gold on warm ivory — Mid-Autumn warmth [High-risk replacement; AA text, component and focus contrast verified] | Scenario: festival-mid-autumn; Avoid: —; Origin confidence: 0.5; Recommendation: scenario-first; Evidence: token-only."
246,Festival (Qixi),#7B2D8E,#FFFFFF,#6B2580,#FFFFFF,#D4697A,#0F172A,#FDF8FF,#2D1040,#FFFFFF,#2D1040,#F3EAF5,#000000,#E5D8EA,#DC2626,#FFFFFF,#7B2D8E,love magpie qixi romantic starlight valentine chinese-valentine,"Purple dusk + rose blush on lavender white — Qixi romance [High-risk replacement; AA text, component and focus contrast verified] | Scenario: festival-qixi; Avoid: —; Origin confidence: 0.5; Recommendation: scenario-first; Evidence: token-only."
247,Festival (Christmas),#1B5E38,#FFFFFF,#16753A,#FFFFFF,#B91C1C,#FFFFFF,#FFF8F0,#0F2D1A,#FFFFFF,#0F2D1A,#E8F0E8,#5A6B5A,#D0DDD0,#DC2626,#FFFFFF,#1B5E38,christmas holiday santa winter xmas evergreen pine gift,Evergreen + holly red on warm snow — Christmas classic | Scenario: festival-christmas; Avoid: —; Origin confidence: 0.5; Recommendation: scenario-first; Evidence: token-only.
248,Festival (Halloween),#E87F1A,#0F172A,#CB6D10,#000000,#913BD9,#FFFFFF,#1A1425,#E8DDD0,#221830,#E8DDD0,#2D2240,#FFFFFF,#3D3355,#EF4343,#000000,#E87F1A,halloween horror october pumpkin spooky trick-or-treat,"Pumpkin orange + witching purple on midnight — Halloween eerie [High-risk replacement; AA text, component and focus contrast verified] | Scenario: festival-halloween; Avoid: —; Origin confidence: 0.5; Recommendation: scenario-first; Evidence: token-only."
249,Festival (Easter / Spring),#4A7A3A,#FFFFFF,#3D6630,#FFFFFF,#C47DA9,#000000,#FFFDF5,#2D3D20,#FFFFFF,#2D3D20,#F0F5E8,#000000,#DDE5D0,#DC2626,#FFFFFF,#4A7A3A,bunny easter egg pastel blossom renewal springtime,"Meadow green + petal pink on cream — Easter freshness [High-risk replacement; AA text, component and focus contrast verified] | Scenario: festival-easter-spring; Avoid: —; Origin confidence: 0.5; Recommendation: scenario-first; Evidence: token-only."
250,Traditional Craft / Cultural Brand,#1A3A5C,#FFFFFF,#15304D,#FFFFFF,#6B5540,#FFFFFF,#F5F3EF,#0F1D2F,#FFFFFF,#0F1D2F,#E5E0D8,#000000,#D0CCC5,#DC2626,#FFFFFF,#1A3A5C,brush calligraphy indigo ink-wash landscape literati sumi-e watercolor,"Ink-wash indigo + aged bronze on xuan paper — scholarly literati [High-risk replacement; AA text, component and focus contrast verified] | Scenario: traditional-craft-cultural-brand; Avoid: —; Origin confidence: 0.5; Recommendation: scenario-first; Evidence: token-only."
251,Traditional Craft / Cultural Brand,#2D6B5A,#FFFFFF,#24584A,#FFFFFF,#AD8A3E,#000000,#F8FAF5,#153028,#FFFFFF,#153028,#E5EDE8,#000000,#D0DDD5,#DC2626,#FFFFFF,#2D6B5A,celadon ceramic jade porcelain songware tea zen,"Celadon green + kiln gold on bamboo white — Song dynasty elegance [High-risk replacement; AA text, component and focus contrast verified] | Scenario: saas|developer-tools|ai-products; Avoid: —; Origin confidence: 0.5; Recommendation: scenario-first; Evidence: token-only."
252,Traditional Craft / Cultural Brand,#59274D,#FFFFFF,#3D1A35,#FFFFFF,#B8860B,#0F172A,#FAF5F0,#200E1A,#FFFFFF,#200E1A,#F0E8E5,#7A6070,#E0D5D0,#DC2626,#FFFFFF,#59274D,antique bronze copper lacquer patina rosewood sandalwood vintage,Rosewood purple + antique brass on warm ivory — curio cabinet patina | Scenario: traditional-craft-cultural-brand; Avoid: —; Origin confidence: 0.5; Recommendation: scenario-first; Evidence: token-only.
253,Pitch Black Productivity,#5E6AD2,#FFFFFF,#808DFF,#000000,#00DCFF,#000000,#010102,#F7F8F8,#0F1011,#F7F8F8,#141516,#8A8F98,#23252A,#EF4343,#000000,#5E6AD2,linear vercel cursor resend developer-tool b2b-saas productivity ai-platform pitch-black neon technical infrastructure documentation,"Linear-authentic pitch-black + Linear lavender + Vercel-cyan workflow accent. WCAG-tightened. [High-risk replacement; AA text, component and focus contrast verified] | Scenario: saas|developer-tools|ai-products; Avoid: —; Origin confidence: 0.5; Recommendation: scenario-first; Evidence: token-only."
254,Editorial Enterprise,#3E4759,#FAF9F5,#2C2C2C,#FAF9F5,#B22222,#FFFFFF,#FAF9F5,#0F0F0F,#FFFEFA,#0F0F0F,#EAE7DF,#000000,#D8D4CC,#B43322,#FFFFFF,#3E4759,bloomberg ft financial news enterprise reporting editorial serif authority newspaper authoritative data-journalism corporate research executive-intelligence b2b-media,"Newsprint cream + deep ink + Bloomberg/FT authority red. Editorial dense data. [High-risk replacement; AA text, component and focus contrast verified] | Scenario: saas|developer-tools|ai-products; Avoid: —; Origin confidence: 0.5; Recommendation: scenario-first; Evidence: token-only."
255,Tanaka Poster Modernism,#59493E,#F7F4ED,#8A1E3B,#F7F4ED,#B91C1C,#FFFFFF,#F7F4ED,#1C1917,#FFFEF8,#1C1917,#EDE8DC,#6B5F4F,#DBD3C0,#BA2F1C,#FFFFFF,#59493E,tanaka japanese poster modernism cultural museum tea zen lacquer vermilion indigo gold restraint art-gallery exhibition traditional-craft fashion-editorial,"Off-white paper + lacquer black + vermilion/indigo accents. Japanese modernist poster. [High-risk replacement; AA text, component and focus contrast verified] | Scenario: saas|developer-tools|ai-products; Avoid: —; Origin confidence: 0.5; Recommendation: scenario-first; Evidence: token-only."
256,Brand Identity / Cultural Institution,#DC2626,#FFFFFF,#000000,#FFFFFF,#9E932E,#000000,#FFFFFF,#000000,#FFFFFF,#000000,#F5F5F5,#404040,#000000,#DC3D28,#000000,#DC2626,pentagram paula-scher supergraphic brand-identity cultural-institution museum design-agency festival publisher art-platform corporate-brand bold-typography display,"Bold supergraphic brand: vivid red + yellow + pure B&W. For huge typography sites. [Primary darkened from #FF4500 for WCAG 4.5:1] [High-risk replacement; AA text, component and focus contrast verified] | Scenario: brand-identity-cultural-institution; Avoid: —; Origin confidence: 0.5; Recommendation: scenario-first; Evidence: token-only."
257,Public Service / Wayfinding,#1B6BB0,#FFFFFF,#4695D3,#000000,#B0510B,#FFFFFF,#F5F7F9,#1F1F1F,#FFFFFF,#1F1F1F,#E8ECEF,#525252,#C8CFD5,#B91C1C,#FFFFFF,#1E40AF,aicher pictogram olympic signage wayfinding modular system international navigation public-service government education transit healthcare exhibition-guide multi-language,"Otl Aicher Munich 1972 palette: sky blue + Munich orange + silver. Accent darkened from #F39200 for WCAG. [High-risk replacement; AA text, component and focus contrast verified] | Scenario: education|learning|childcare; Avoid: high-energy-gaming|flash-sale; Origin confidence: 0.5; Recommendation: scenario-first; Evidence: token-only."
258,Indie Music / Counterculture Editorial,#3E4759,#F0EDE5,#534966,#F0EDE5,#C2410C,#FFFFFF,#F0EDE5,#1A1A1A,#E8E4D8,#1A1A1A,#D6D0BF,#000000,#A8A192,#7C2D12,#FFFFFF,#3E4759,carson ray-gun deconstructed grunge experimental indie-music counterculture art-platform underground zine festival creative-agency portfolio chaos layered,"Distressed warm newsprint + rust accent. Carson-style grunge editorial palette. [High-risk replacement; AA text, component and focus contrast verified] | Scenario: indie-music-counterculture-editorial; Avoid: —; Origin confidence: 0.5; Recommendation: scenario-first; Evidence: token-only."
259,Notion Warm Workspace,#0075DE,#FFFFFF,#005BAB,#FFFFFF,#B14600,#FFFFFF,#FFFFFF,#31302E,#F6F5F4,#31302E,#F6F5F4,#615D59,#E8E5E1,#DB5A00,#000000,#0075DE,notion knowledge-base documentation collaboration team workspace handbook wiki warm friendly enterprise serif productivity,"Notion-authentic warm whites + Notion blue + warm orange. Accent darkened from #DD5B00 for WCAG. [High-risk replacement; AA text, component and focus contrast verified] | Scenario: notion-warm-workspace; Avoid: regulated-finance|clinical-emergency; Origin confidence: 0.5; Recommendation: scenario-first; Evidence: token-only."
260,Cursor Warm Dev Tool,#CC4100,#FFFFFF,#D04200,#FFFFFF,#0D7377,#FFFFFF,#F7F7F4,#26251E,#FFFFFF,#26251E,#E6E5E0,#5A5852,#CFCDC4,#CF2D56,#FFFFFF,#F54E00,cursor warm-cream dev-tool ai-editor editorial-dev jetbrains-mono ide developer-tool warm productivity orange,Cursor-authentic warm cream canvas + Cursor primary-active. Adjusted from #F54E00 for WCAG 4.5. | Scenario: saas|developer-tools|ai-products; Avoid: —; Origin confidence: 0.5; Recommendation: scenario-first; Evidence: token-only.
261,Premium SaaS (Stripe),#533AFD,#FFFFFF,#4434D4,#FFFFFF,#C81E55,#FFFFFF,#FFFFFF,#061B31,#FFFFFF,#061B31,#F5F6FB,#000000,#E1E5EE,#EA2463,#000000,#533AFD,stripe premium-saas fintech payments b2b-saas modern enterprise purple violet luxury financial-tools billing,"Stripe-authentic purple + deep navy heading + ruby. Accent darkened from #EA2261 for WCAG. [High-risk replacement; AA text, component and focus contrast verified] | Scenario: saas|developer-tools|ai-products; Avoid: childcare|mass-market-discount; Origin confidence: 0.5; Recommendation: scenario-first; Evidence: token-only."
262,Maps & Navigation,#1A73E8,#FFFFFF,#31A095,#000000,#D17A00,#000000,#FFFFFF,#202124,#F8F9FA,#202124,#E8EAED,#5F6368,#DADCE0,#EA4234,#000000,#1A73E8,map navigation gps route location wayfinding directions light,"Light UI chrome + route blue + destination green + traffic amber [High-risk replacement; AA text, component and focus contrast verified] | Scenario: maps-navigation; Avoid: —; Origin confidence: 0.5; Recommendation: scenario-first; Evidence: token-only."
263,Maps & Navigation,#4285F4,#1C1C1E,#30D1CA,#1C1C1E,#FF9F0A,#1C1C1E,#1C1C1E,#FFFFFF,#2C2C2E,#FFFFFF,#3A3A3C,#D1D5DB,#48484A,#FF4338,#000000,#4285F4,map navigation night dark gps route location wayfinding,"Night mode dark map + electric blue route + system green destination [High-risk replacement; AA text, component and focus contrast verified] | Scenario: maps-navigation; Avoid: —; Origin confidence: 0.5; Recommendation: scenario-first; Evidence: token-only."
264,Healthcare / Wellness (Calm Blue),#1E40AF,#FFFFFF,#3C83F6,#000000,#7C3AED,#FFFFFF,#FFFFFF,#0F172A,#FFFFFF,#0F172A,#EEF2FF,#000000,#E5E5E5,#DC2626,#FFFFFF,#1E40AF,calm clinical health medical patient serene trust wellness,"Non-green alternative: deep blue calm + violet accent; neutral bg [High-risk replacement; AA text, component and focus contrast verified] | Scenario: healthcare-wellness-calm-blue; Avoid: high-energy-gaming|flash-sale; Origin confidence: 0.5; Recommendation: scenario-first; Evidence: token-only."
265,Healthcare / Wellness (Lavender),#7C3AED,#FFFFFF,#9B7BF9,#000000,#0891B2,#0F172A,#FAFAFA,#1E1B4B,#FFFFFF,#1E1B4B,#F5F3FF,#000000,#E5E5E5,#DC2626,#FFFFFF,#7C3AED,breathe calm healing mental mindfulness serenity soft wellness,"Non-green alternative: lavender serenity + cyan accent; neutral bg [High-risk replacement; AA text, component and focus contrast verified] | Scenario: healthcare-wellness-lavender; Avoid: high-energy-gaming|flash-sale; Origin confidence: 0.5; Recommendation: scenario-first; Evidence: token-only."
266,Healthcare / Wellness (Warm Peach),#C2410C,#FFFFFF,#EA580C,#0F172A,#1D4ED8,#FFFFFF,#FFFFFF,#1C1917,#FFFBF7,#1C1917,#FEF3E2,#000000,#E7E5E0,#DC2626,#FFFFFF,#C2410C,care clinic gentle health human nourish recovery warmth wellness,"Non-green alternative: warm terracotta + trust blue; cream card on white bg [High-risk replacement; AA text, component and focus contrast verified] | Scenario: healthcare-wellness-warm-peach; Avoid: high-energy-gaming|flash-sale; Origin confidence: 0.5; Recommendation: scenario-first; Evidence: token-only."
267,Survey / Form Builder,#334155,#FFFFFF,#475569,#FFFFFF,#0891B2,#0F172A,#FFFFFF,#0F172A,#FFFFFF,#0F172A,#F1F5F9,#000000,#E2E8F0,#DC2626,#FFFFFF,#334155,academic administration education evaluation institutional research school university,"Swiss slate — authoritative cool grey + cyan progress accent; pure white bg [High-risk replacement; AA text, component and focus contrast verified] | Scenario: education|learning|childcare; Avoid: —; Origin confidence: 0.5; Recommendation: scenario-first; Evidence: token-only."
268,Survey / Form Builder,#0F766E,#FFFFFF,#2E9E92,#000000,#7C3AED,#FFFFFF,#FAFAFA,#134E4A,#FFFFFF,#134E4A,#F5F5F5,#000000,#E5E5E5,#DC2626,#FFFFFF,#0F766E,clinic health hospital medical patient screening wellness diagnosis,"Clinical teal — healthcare trust + violet highlight; neutral bg [High-risk replacement; AA text, component and focus contrast verified] | Scenario: survey-form-builder; Avoid: high-energy-gaming|flash-sale; Origin confidence: 0.5; Recommendation: scenario-first; Evidence: token-only."
269,Survey / Form Builder,#6D28D9,#FFFFFF,#8A5BF6,#000000,#E11D48,#FFFFFF,#FAFAFA,#2E1065,#FFFFFF,#2E1065,#F5F5F5,#000000,#E5E5E5,#DC2626,#FFFFFF,#6D28D9,customer experience feedback nps rating review satisfaction ux,"Violet focus — creative engagement + rose CTA; light neutral bg [High-risk replacement; AA text, component and focus contrast verified] | Scenario: survey-form-builder; Avoid: —; Origin confidence: 0.5; Recommendation: scenario-first; Evidence: token-only."
270,Survey / Form Builder,#1E40AF,#FFFFFF,#3C83F6,#000000,#B45309,#FFFFFF,#FFFFFF,#1E3A5F,#FFFFFF,#1E3A5F,#F5F5F5,#000000,#E5E5E5,#DC2626,#FFFFFF,#1E40AF,civic compliance government inspection municipal official policy public regulatory,"Civic blue — institutional authority + warm amber action; pure white bg [High-risk replacement; AA text, component and focus contrast verified] | Scenario: survey-form-builder; Avoid: —; Origin confidence: 0.5; Recommendation: scenario-first; Evidence: token-only."
271,Survey / Form Builder,#A0455A,#FFFFFF,#8A3A4C,#FFFFFF,#4F7A6B,#FFFFFF,#FCF7F6,#2C2326,#FFFFFF,#2C2326,#F3E8EA,#000000,#E8D9DC,#DC2626,#FFFFFF,#A0455A,caring gentle soft warm wellbeing compassion supportive survey form,"Dusty rose questionnaire — gentle rose + sage on warm white [High-risk replacement; AA text, component and focus contrast verified] | Scenario: survey-form-builder; Avoid: —; Origin confidence: 0.5; Recommendation: scenario-first; Evidence: token-only."
272,Survey / Form Builder,#B0532F,#FFFFFF,#8F4124,#FFFFFF,#3E6E63,#FFFFFF,#FDF6F1,#2A211C,#FFFFFF,#2A211C,#F4E8E0,#000000,#E8D6CB,#DC2626,#FFFFFF,#B0532F,earthy warm handcraft artisan grounded community local survey form,"Terracotta questionnaire — clay + deep teal on warm linen [High-risk replacement; AA text, component and focus contrast verified] | Scenario: survey-form-builder; Avoid: —; Origin confidence: 0.5; Recommendation: scenario-first; Evidence: token-only."
273,Survey / Form Builder,#6E6A2A,#FFFFFF,#58551F,#FFFFFF,#9B3B52,#FFFFFF,#FAF9F2,#2A2A1E,#FFFFFF,#2A2A1E,#EFEEE2,#6E6D5A,#DCDBC8,#DC2626,#FFFFFF,#6E6A2A,natural warm organic calm wellness mindful botanical survey form,Warm olive questionnaire — olive + berry on warm ivory | Scenario: survey-form-builder; Avoid: high-energy-gaming|flash-sale; Origin confidence: 0.5; Recommendation: scenario-first; Evidence: token-only.
274,Survey / Form Builder,#8E3B47,#FFFFFF,#722F39,#FFFFFF,#976319,#FFFFFF,#FCF6F4,#2A2022,#FFFFFF,#2A2022,#F2E7E6,#000000,#E6D4D3,#DC2626,#FFFFFF,#8E3B47,refined warm cozy mature autumnal heritage classic survey form,"Warm wine questionnaire — wine + ochre on warm blush [High-risk replacement; AA text, component and focus contrast verified] | Scenario: survey-form-builder; Avoid: —; Origin confidence: 0.8; Recommendation: scenario-first; Evidence: token-only."
275,Survey / Form Builder,#E85C42,#1F1F1F,#C44B34,#FFFFFF,#2E7D74,#FFFFFF,#FFF7F4,#2B1B16,#FFFFFF,#2B1B16,#FBEAE5,#000000,#F4D9D0,#DC2626,#FFFFFF,#E85C42,vibrant friendly energetic playful warm cheerful coral survey form,"Coral questionnaire — vivid coral + teal on warm white [High-risk replacement; AA text, component and focus contrast verified] | Scenario: survey-form-builder; Avoid: regulated-finance|clinical-emergency; Origin confidence: 0.5; Recommendation: scenario-first; Evidence: token-only."
276,Survey / Form Builder,#E0701A,#1F1F1F,#B85912,#FFFFFF,#235E6E,#FFFFFF,#FFF8F1,#2A2016,#FFFFFF,#2A2016,#FAEBDD,#000000,#F2DBC4,#DC2626,#FFFFFF,#E0701A,warm energetic seasonal festive lively bright orange survey form,"Pumpkin questionnaire — bright orange + deep teal on warm cream [High-risk replacement; AA text, component and focus contrast verified] | Scenario: survey-form-builder; Avoid: —; Origin confidence: 0.5; Recommendation: scenario-first; Evidence: token-only."
277,Survey / Form Builder,#AE8C32,#000000,#B88400,#000000,#7A3F6E,#FFFFFF,#FFFCF0,#2A2410,#FFFFFF,#2A2410,#F5EFDB,#000000,#E8DEBE,#DC2626,#FFFFFF,#AE8C32,warm sunny optimistic bright golden cheerful marigold survey form,"Marigold questionnaire — golden yellow + plum on warm ivory [High-risk replacement; AA text, component and focus contrast verified] | Scenario: survey-form-builder; Avoid: —; Origin confidence: 0.5; Recommendation: scenario-first; Evidence: token-only."
278,Survey / Form Builder,#C72E5A,#FFFFFF,#A8264C,#FFFFFF,#1F7A6B,#FFFFFF,#FFF5F7,#2B1820,#FFFFFF,#2B1820,#FBE6EC,#000000,#F4D4DE,#DC2626,#FFFFFF,#C72E5A,vibrant warm playful bold youthful pink cerise survey form,"Cerise questionnaire — vivid pink + teal on warm blush [High-risk replacement; AA text, component and focus contrast verified] | Scenario: survey-form-builder; Avoid: regulated-finance|clinical-emergency; Origin confidence: 0.5; Recommendation: scenario-first; Evidence: token-only."
279,SaaS (General),#173B70,#FFFFFF,#6B8FC2,#000000,#A8450A,#FFFFFF,#F5F6F2,#172033,#FFFFFF,#172033,#E7EAE4,#53606A,#D5DBD2,#A9362B,#FFFFFF,#2C5F9E,cloud platform service software tool b2b saas enterprise premium refined cool-gray,"Refined cool blue-gray — mineral surfaces + burnt orange accent; AA text pairs and 3:1+ component contrast [High-risk replacement; AA text, component and focus contrast verified] | Scenario: saas|developer-tools|ai-products; Avoid: childcare|mass-market-discount; Origin confidence: 0.8; Recommendation: scenario-first; Evidence: token-only."
280,Financial Dashboard,#3B66AF,#FFFFFF,#4469A1,#FFFFFF,#C08A32,#171B24,#0C111B,#F3F0E8,#141C2A,#F3F0E8,#222C3A,#AEB8C4,#344154,#B83A3A,#FFFFFF,#6E8CB7,analytics bank banking data finance fintech metrics money monitor overview premium refined dark,"Refined deep navy-gray — warm ivory text + muted brass data accent; AA text pairs and 3:1+ component contrast [High-risk replacement; AA text, component and focus contrast verified] | Scenario: finance|banking|wealth-management; Avoid: childcare|mass-market-discount; Origin confidence: 0.8; Recommendation: scenario-first; Evidence: token-only."
281,Healthcare App,#176676,#FFFFFF,#569B9F,#000000,#454B91,#FFFFFF,#F6FAF8,#183034,#FFFFFF,#183034,#E6EFEC,#526866,#CFDEDA,#A9362B,#FFFFFF,#2F7E89,clinic health hospital medical patient wellness calm premium refined sage teal,"Refined sage teal-gray — botanical cool neutrals + restrained indigo accent; AA text pairs and 3:1+ component contrast [High-risk replacement; AA text, component and focus contrast verified] | Scenario: healthcare-app; Avoid: childcare|mass-market-discount|high-energy-gaming|flash-sale; Origin confidence: 0.8; Recommendation: scenario-first; Evidence: token-only."
282,Hotel/Hospitality,#172D52,#FFFFFF,#A58C5A,#000000,#8D6112,#FFFFFF,#FAF8F2,#1B2230,#FFFDF8,#1B2230,#EDE9DF,#615D54,#DAD3C5,#A9362B,#FFFFFF,#384F76,accommodation hospitality hotel lodge resort stay luxury premium refined warm sandstone,"Refined warm sandstone-gray — midnight navy + antique brass on soft ivory; AA text pairs and 3:1+ component contrast [High-risk replacement; AA text, component and focus contrast verified] | Scenario: hotel-hospitality; Avoid: childcare|mass-market-discount; Origin confidence: 0.8; Recommendation: scenario-first; Evidence: token-only."
283,AI/Chatbot Platform,#2E3A62,#FFFFFF,#7C89AC,#000000,#8A4F2D,#FFFFFF,#F3F2EE,#1C2028,#FBFAF7,#1C2028,#E5E4DF,#5B5E66,#D4D2CC,#A9362B,#FFFFFF,#4C5E91,ai assistant bot conversation virtual premium refined graphite indigo copper human,"Refined graphite AI — mineral indigo + muted copper on warm technical gray; AA text pairs and 3:1+ component contrast [High-risk replacement; AA text, component and focus contrast verified] | Scenario: saas|developer-tools|ai-products; Avoid: childcare|mass-market-discount; Origin confidence: 0.8; Recommendation: scenario-first; Evidence: token-only."
284,Insurance Platform,#264B73,#FFFFFF,#6F93AA,#000000,#7A5818,#FFFFFF,#F5F7F5,#1C2932,#FFFFFF,#1C2932,#E6EBE9,#56635F,#D3DCD8,#A9362B,#FFFFFF,#3C6A93,claim coverage policy protection insurance premium refined slate blue ochre calm,"Refined assurance blue-gray — slate blue + muted ochre on quiet cool neutrals; AA text pairs and 3:1+ component contrast [High-risk replacement; AA text, component and focus contrast verified] | Scenario: saas|developer-tools|ai-products; Avoid: childcare|mass-market-discount|high-energy-gaming|flash-sale; Origin confidence: 0.8; Recommendation: scenario-first; Evidence: token-only."
285,Logistics/Delivery,#203E5C,#FFFFFF,#759199,#000000,#A84714,#FFFFFF,#F5F5F1,#1B2730,#FFFFFF,#1B2730,#E7E9E5,#59645F,#D3D8D4,#A9362B,#FFFFFF,#3D668B,chain courier delivery logistics shipping supply transport premium refined industrial rust,"Refined industrial blue-gray — ink blue + rust orange on mineral white; AA text pairs and 3:1+ component contrast [High-risk replacement; AA text, component and focus contrast verified] | Scenario: saas|developer-tools|ai-products; Avoid: childcare|mass-market-discount; Origin confidence: 0.8; Recommendation: scenario-first; Evidence: token-only."
286,Airline,#1F486A,#FFFFFF,#6197AE,#000000,#984822,#FFFFFF,#F7F8F5,#192533,#FFFFFF,#192533,#E9ECE7,#58625D,#D7DDD7,#A9362B,#FFFFFF,#3B628A,airplane airport aviation flight travel premium refined cloud blue terracotta,"Refined cloud blue-gray — aviation blue + warm terracotta on soft cloud white; AA text pairs and 3:1+ component contrast [High-risk replacement; AA text, component and focus contrast verified] | Scenario: saas|developer-tools|ai-products; Avoid: childcare|mass-market-discount; Origin confidence: 0.8; Recommendation: scenario-first; Evidence: token-only."
287,Flashcard & Study Tool,#26375B,#FFFFFF,#A38B5C,#000000,#7A5C16,#FFFFFF,#F8F6F0,#202630,#FFFEFA,#202630,#ECE8DF,#5D5B54,#DAD4C8,#A9362B,#FFFFFF,#43577D,academic education exam flashcard learning memory quiz school study premium refined ink parchment ochre,"Refined academic ink — deep navy + study ochre on warm parchment; AA text pairs and 3:1+ component contrast [High-risk replacement; AA text, component and focus contrast verified] | Scenario: education|learning|childcare; Avoid: childcare|mass-market-discount; Origin confidence: 0.8; Recommendation: scenario-first; Evidence: token-only."
288,Calendar & Scheduling App,#344B6A,#FFFFFF,#7D9297,#000000,#9B4430,#FFFFFF,#F6F7F4,#1D272B,#FFFFFF,#1D272B,#E7EBE8,#56615D,#D4DAD6,#A9362B,#FFFFFF,#4B6D91,agenda calendar events organizing planner schedule scheduling premium refined blue-gray terracotta,"Refined planning blue-gray — calm graphite blue + terracotta priority accent; AA text pairs and 3:1+ component contrast [High-risk replacement; AA text, component and focus contrast verified] | Scenario: calendar-scheduling-app; Avoid: childcare|mass-market-discount|high-energy-gaming|flash-sale; Origin confidence: 0.8; Recommendation: scenario-first; Evidence: token-only."
289,Email Client,#294866,#FFFFFF,#7A919A,#000000,#8B3E4E,#FFFFFF,#F5F6F3,#1B262F,#FFFFFF,#1B262F,#E7EAE7,#56625D,#D4DAD6,#9F2F32,#FFFFFF,#416C8D,communication inbox mail message email premium refined ink blue burgundy priority,"Refined correspondence gray — ink blue + muted burgundy priority accent; AA text pairs and 3:1+ component contrast [High-risk replacement; AA text, component and focus contrast verified] | Scenario: saas|developer-tools|ai-products; Avoid: childcare|mass-market-discount; Origin confidence: 0.8; Recommendation: scenario-first; Evidence: token-only."
290,Survey / Form Builder,#3B4652,#FFFFFF,#839083,#000000,#2D665F,#FFFFFF,#F7F7F3,#202529,#FFFFFF,#202529,#E9EAE6,#5C625E,#D6D9D3,#A9362B,#FFFFFF,#596775,academic administration education evaluation institutional research school university survey form premium refined warm slate teal,"Refined institutional slate — warm graphite + oxidized teal on paper white; AA text pairs and 3:1+ component contrast [High-risk replacement; AA text, component and focus contrast verified] | Scenario: education|learning|childcare; Avoid: childcare|mass-market-discount; Origin confidence: 0.8; Recommendation: scenario-first; Evidence: token-only."
297,Healthcare App,#2B7588,#FFFFFF,#43698E,#FFFFFF,#2C7D6F,#FFFFFF,#F5F6F7,#164E63,#FFFFFF,#164E63,#E3E7E8,#58677E,#BECBD0,#DC2626,#FFFFFF,#2B7588,"clinic health hospital medical wellness, analogous",Calm cyan + health green; bg neutralized [Variant of No.8; Color theory: Analogous; screenshot-guided; AA verified] | Scenario: healthcare-app; Avoid: high-energy-gaming|flash-sale; Origin confidence: 0.65; Recommendation: scenario-first|variant; Evidence: rendered-claimed-no-source.
298,Educational App,#2B4188,#FFFFFF,#48438E,#FFFFFF,#2C5C7D,#FFFFFF,#F5F6F7,#1E3A8A,#FFFFFF,#1E3A8A,#E3E4E8,#52658B,#C0C5D7,#DC2626,#FFFFFF,#2B4188,"education learn learning school study teaching, analogous",Rich academic blue + energetic orange; bg neutralized [Variant of No.9; Color theory: Analogous; screenshot-guided; AA verified] | Scenario: education|learning|childcare; Avoid: —; Origin confidence: 0.65; Recommendation: scenario-first|variant; Evidence: rendered-claimed-no-source.
299,Gaming,#9A73DE,#0F172A,#A972C5,#0F172A,#B9DF77,#0F172A,#0F1115,#E2E8F0,#171A20,#E2E8F0,#252932,#94A3B8,#474B54,#D93C3C,#000000,#9A73DE,"arcade entertainment fun game play puzzle, complementary",Neon purple + rose action [Variant of No.12; Color theory: Complementary; screenshot-guided; AA verified] | Scenario: saas|developer-tools|ai-products; Avoid: —; Origin confidence: 0.65; Recommendation: scenario-first|variant; Evidence: rendered-claimed-no-source.
300,Social Media App,#99243E,#FFFFFF,#98453E,#FFFFFF,#229178,#000000,#F7F7F5,#881337,#FFFFFF,#881337,#E9EBE8,#5B6980,#D8C4C8,#DC2626,#FFFFFF,#99243E,"social network community feed posts sharing followers, complementary",Vibrant rose + engagement blue [Variant of No.14; Color theory: Complementary; screenshot-guided; AA verified] | Scenario: social-media-app; Avoid: —; Origin confidence: 0.65; Recommendation: scenario-first|variant; Evidence: rendered-claimed-no-source.
303,AI/Chatbot Platform,#2B8880,#000000,#437D8E,#FFFFFF,#2C7D59,#FFFFFF,#F5F7F7,#134E4A,#FFFFFF,#134E4A,#E3E8E8,#58677D,#BECCCC,#DC2626,#FFFFFF,#2B8880,"ai assistant bot conversation virtual, analogous",Deep teal + warm amber CTA; bg neutralized [Variant of No.17; Color theory: Analogous; screenshot-guided; AA verified] | Scenario: saas|developer-tools|ai-products; Avoid: —; Origin confidence: 0.65; Recommendation: scenario-first|variant; Evidence: rendered-claimed-no-source.
305,Creator Economy Platform,#99245E,#FFFFFF,#983E50,#FFFFFF,#22915A,#000000,#F7F7F5,#831843,#FFFFFF,#831843,#E9EBE8,#616881,#D7C5CA,#DC2626,#FFFFFF,#99245E,"content creative influencer media social, complementary",Creator pink + engagement orange [Accent adjusted from #F97316 for WCAG 3:1] [Variant of No.19; Color theory: Complementary; screenshot-guided; AA verified] | Scenario: creator-economy-platform; Avoid: —; Origin confidence: 0.65; Recommendation: scenario-first|variant; Evidence: rendered-claimed-no-source.
307,Mental Health App,#2B884E,#000000,#438E76,#000000,#2C7D2D,#FFFFFF,#F5F7F6,#14532D,#FFFFFF,#14532D,#E3E8E5,#59677E,#BECDC4,#DC2626,#FFFFFF,#2B884E,"clinic healthcare hospital medical wellness, analogous",Healing forest green + wellness emerald; bg neutralized [Variant of No.21; Color theory: Analogous; screenshot-guided; AA verified] | Scenario: mental-health-app; Avoid: high-energy-gaming|flash-sale; Origin confidence: 0.65; Recommendation: scenario-first|variant; Evidence: rendered-claimed-no-source.
308,Smart Home/IoT Dashboard,#7BA0D5,#0F172A,#7880BF,#0F172A,#8AC5D6,#0F172A,#101317,#F8FAFC,#191D21,#F8FAFC,#272D35,#94A3B8,#4D5259,#D93C3C,#000000,#7BA0D5,"analytics automation connected data decoration device home house interior iot living metrics monitor overview residential sensor smart, analogous",Dark tech + cyan status indicators [Variant of No.23; Color theory: Analogous; screenshot-guided; AA verified] | Scenario: home-interior|hospitality|lifestyle; Avoid: —; Origin confidence: 0.65; Recommendation: scenario-first|variant; Evidence: rendered-claimed-no-source.
310,Podcast Platform,#7873DE,#000000,#8F72C5,#000000,#DADF77,#0F172A,#0F1115,#F8FAFC,#171A20,#F8FAFC,#252932,#94A3B8,#4B4F56,#D93C3C,#000000,#7873DE,"audio episode listen show streaming, complementary",Dark audio + warm accent [Variant of No.26; Color theory: Complementary; screenshot-guided; AA verified] | Scenario: podcast-platform; Avoid: —; Origin confidence: 0.65; Recommendation: scenario-first|variant; Evidence: rendered-claimed-no-source.
312,Knowledge Base/Documentation,#2B5188,#FFFFFF,#434B8E,#FFFFFF,#2C6B7D,#FFFFFF,#F5F6F7,#1E293B,#FFFFFF,#1E293B,#E3E5E8,#57667C,#C0C3C9,#DC2626,#FFFFFF,#2B5188,"documentation faq guide reference wiki, analogous",Neutral grey + link blue [Variant of No.29; Color theory: Analogous; screenshot-guided; AA verified] | Scenario: knowledge-base-documentation; Avoid: —; Origin confidence: 0.65; Recommendation: scenario-first|variant; Evidence: rendered-claimed-no-source.
313,Beauty/Spa/Wellness Service,#6C4257,#FFFFFF,#76565E,#FFFFFF,#683B64,#FFFFFF,#F4F1EB,#831843,#FFFEFA,#831843,#E4DCE0,#546178,#D3B9C4,#DC2626,#FFFFFF,#6C4257,"beauty calm cosmetic health mindfulness relaxation salon selfcare skincare spa wellness, morandi",Soft pink + lavender luxury [Accent darkened from #8B5CF6 for WCAG] [Variant of No.30; Color theory: Morandi; screenshot-guided; AA verified] | Scenario: beauty-spa-wellness-service; Avoid: childcare|mass-market-discount|high-energy-gaming|flash-sale; Origin confidence: 0.65; Recommendation: scenario-first|variant; Evidence: rendered-claimed-no-source.
314,Restaurant/Food Service,#6C4242,#FFFFFF,#765D56,#FFFFFF,#683B4D,#FFFFFF,#F4F1EB,#450A0A,#FFFEFA,#450A0A,#E4DCDC,#5B6075,#C7B6B6,#DC2626,#FFFFFF,#6C4242,"cafe cooking cuisine dining eat food meal recipe restaurant, morandi",Appetizing red + warm gold [Accent adjusted from #CA8A04 for WCAG 3:1] [Variant of No.31; Color theory: Morandi; screenshot-guided; AA verified] | Scenario: restaurant-food-service; Avoid: —; Origin confidence: 0.65; Recommendation: scenario-first|variant; Evidence: rendered-claimed-no-source.
315,Fitness/Gym App,#DE9F73,#0F172A,#C5AD72,#0F172A,#77B4DF,#0F172A,#0F1115,#F8FAFC,#171A20,#F8FAFC,#252932,#A5B2C3,#4B4F56,#EF4444,#0F172A,#DE9F73,"active exercise fitness gym sport training workout, complementary",Energy orange + success green [Variant of No.32; Color theory: Complementary; screenshot-guided; AA verified] | Scenario: saas|developer-tools|ai-products; Avoid: —; Origin confidence: 0.65; Recommendation: scenario-first|variant; Evidence: rendered-claimed-no-source.
316,Real Estate/Property,#426C68,#FFFFFF,#567176,#FFFFFF,#3B6853,#FFFFFF,#F4F1EB,#134E4A,#FFFEFA,#134E4A,#DCE4E4,#55657A,#B8C9C8,#DC2626,#FFFFFF,#426C68,"apartment estate home housing property real, morandi",Trust teal + professional blue; bg neutralized [Variant of No.33; Color theory: Morandi; screenshot-guided; AA verified] | Scenario: home-interior|hospitality|lifestyle; Avoid: —; Origin confidence: 0.65; Recommendation: scenario-first|variant; Evidence: rendered-claimed-no-source.
318,Hotel/Hospitality,#424D6C,#FFFFFF,#565776,#FFFFFF,#3B5968,#FFFFFF,#F4F1EB,#1E40AF,#FFFEFA,#1E40AF,#DCDEE4,#536278,#BAC2DA,#DC2626,#FFFFFF,#424D6C,"accommodation hospitality lodge resort stay, morandi",Luxury navy + gold service [Accent adjusted from #CA8A04 for WCAG 3:1] [Variant of No.35; Color theory: Morandi; screenshot-guided; AA verified] | Scenario: hotel-hospitality; Avoid: childcare|mass-market-discount; Origin confidence: 0.65; Recommendation: scenario-first|variant; Evidence: rendered-claimed-no-source.
322,Online Course/E-learning,#2B8880,#000000,#437E8E,#000000,#2C7D58,#FFFFFF,#F5F7F7,#134E4A,#FFFFFF,#134E4A,#E3E8E8,#59677E,#BECCCC,#DC2626,#FFFFFF,#2B8880,"education educational learn school study teaching, analogous",Progress teal + achievement orange [Accent adjusted from #F97316 for WCAG 3:1]; bg neutralized [Variant of No.40; Color theory: Analogous; screenshot-guided; AA verified] | Scenario: education|learning|childcare; Avoid: —; Origin confidence: 0.65; Recommendation: scenario-first|variant; Evidence: rendered-claimed-no-source.
326,Job Board/Recruitment,#2B6788,#FFFFFF,#435D8E,#FFFFFF,#2C7D7C,#FFFFFF,#F5F6F7,#0C4A6E,#FFFFFF,#0C4A6E,#E3E6E8,#58667D,#BCCAD2,#DC2626,#FFFFFF,#2B6788,"jobs hiring recruitment career employment talent hr, analogous",Professional blue + opportunity orange; bg neutralized [Variant of No.44; Color theory: Analogous; screenshot-guided; AA verified] | Scenario: job-board-recruitment; Avoid: —; Origin confidence: 0.65; Recommendation: scenario-first|variant; Evidence: rendered-claimed-no-source.
328,Logistics/Delivery,#2B4888,#FFFFFF,#43448E,#FFFFFF,#2C637D,#FFFFFF,#F5F6F7,#1E40AF,#FFFFFF,#1E40AF,#E3E5E8,#58667D,#C0C7DE,#DC2626,#FFFFFF,#2B4888,"chain courier delivery logistics shipping supply transport, analogous",Tracking blue + delivery orange [Accent adjusted from #F97316 for WCAG 3:1]; bg neutralized [Variant of No.46; Color theory: Analogous; screenshot-guided; AA verified] | Scenario: saas|developer-tools|ai-products; Avoid: —; Origin confidence: 0.65; Recommendation: scenario-first|variant; Evidence: rendered-claimed-no-source.
331,Photography Studio,#A0A0C5,#0F172A,#9992B0,#0F172A,#A4B4CC,#0F172A,#111115,#FAFAFA,#1A1A20,#FAFAFA,#282833,#94A3B8,#4E4E57,#D93C3C,#000000,#A0A0C5,"camera capture image photo picture, morandi",Pure black + white contrast [Variant of No.50; Color theory: Morandi; screenshot-guided; AA verified] | Scenario: photography-studio; Avoid: —; Origin confidence: 0.65; Recommendation: scenario-first|variant; Evidence: rendered-claimed-no-source.
332,Coworking Space,#6C5C42,#FFFFFF,#767256,#FFFFFF,#68453B,#FFFFFF,#F4F1EB,#78350F,#FFFEFA,#78350F,#E4E1DC,#56647A,#D1C2B7,#DC2626,#FFFFFF,#6C5C42,"coworking shared workspace office community collaborative hotdesk, morandi",Energetic amber + booking blue [Variant of No.51; Color theory: Morandi; screenshot-guided; AA verified] | Scenario: coworking-space; Avoid: —; Origin confidence: 0.65; Recommendation: scenario-first|variant; Evidence: rendered-claimed-no-source.
334,Childcare/Daycare,#882B5C,#FFFFFF,#8E4354,#FFFFFF,#7D2C74,#FFFFFF,#F7F5F6,#9D174D,#FFFFFF,#9D174D,#E8E3E6,#57667C,#DBBECA,#DC2626,#FFFFFF,#882B5C,"child children daycare kids nursery preschool toddler, analogous",Playful pink + cheerful yellow [Variant of No.53; Color theory: Analogous; screenshot-guided; AA verified] | Scenario: education|learning|childcare; Avoid: regulated-finance|clinical-emergency; Origin confidence: 0.65; Recommendation: scenario-first|variant; Evidence: rendered-claimed-no-source.
340,Florist/Plant Shop,#426C51,#FFFFFF,#567669,#FFFFFF,#3C683B,#FFFFFF,#F4F1EB,#14532D,#FFFEFA,#14532D,#DCE4DF,#56647B,#B8CABF,#DC2626,#FFFFFF,#426C51,"bouquet floral flower garden green nature plant, morandi",Natural green + floral pink [Variant of No.59; Color theory: Morandi; screenshot-guided; AA verified] | Scenario: florist-plant-shop; Avoid: —; Origin confidence: 0.65; Recommendation: scenario-first|variant; Evidence: rendered-claimed-no-source.
344,Magazine/Blog,#42426C,#FFFFFF,#5D5676,#FFFFFF,#3B4D68,#FFFFFF,#F4F1EB,#09090B,#FFFEFA,#09090B,#DCDCE4,#526177,#B6B6BD,#DC2626,#FFFFFF,#42426C,"blog content editorial magazine media publication writing, morandi",Editorial black + accent pink [Variant of No.64; Color theory: Morandi; screenshot-guided; AA verified] | Scenario: magazine-blog; Avoid: —; Origin confidence: 0.65; Recommendation: scenario-first|variant; Evidence: rendered-claimed-no-source.
345,Freelancer Platform,#88532B,#FFFFFF,#8E7A43,#000000,#7D312C,#FFFFFF,#F7F6F5,#78350F,#FFFFFF,#78350F,#E8E5E3,#58667D,#D4C5BD,#DC2626,#FFFFFF,#88532B,"contractor freelance gig independent remote, analogous",Craft amber + teal CTA [bg neutralized from #FFFBEB; cream moved to Card surface] [Variant of No.65; Color theory: Analogous; screenshot-guided; AA verified] | Scenario: freelancer-platform; Avoid: —; Origin confidence: 0.65; Recommendation: scenario-first|variant; Evidence: rendered-claimed-no-source.
349,Church/Religious Organization,#882B2B,#FFFFFF,#8E5943,#FFFFFF,#7D2C49,#FFFFFF,#F7F5F5,#450A0A,#FFFFFF,#450A0A,#E8E3E3,#57657C,#CBBCBC,#DC2626,#FFFFFF,#882B2B,"church faith prayer religious spiritual worship, analogous",Sacred crimson + spiritual gold [Variant of No.70; Color theory: Analogous; screenshot-guided; AA verified] | Scenario: saas|developer-tools|ai-products; Avoid: —; Origin confidence: 0.65; Recommendation: scenario-first|variant; Evidence: rendered-claimed-no-source.
350,Sports Team/Club,#992424,#FFFFFF,#98593E,#FFFFFF,#229191,#0F172A,#F7F7F5,#7F1D1D,#FFFFFF,#7F1D1D,#E9EBE8,#5B6980,#D6C6C3,#DC2626,#FFFFFF,#992424,"athletic exercise fitness gym team workout, complementary",Team red + championship gold [Accent adjusted from #FBBF24 for WCAG 3:1] [Variant of No.71; Color theory: Complementary; screenshot-guided; AA verified] | Scenario: sports-team-club; Avoid: —; Origin confidence: 0.65; Recommendation: scenario-first|variant; Evidence: rendered-claimed-no-source.
354,Coding Bootcamp,#7B96D5,#0F172A,#7878BF,#000000,#8ABCD6,#0F172A,#101217,#F8FAFC,#191C21,#F8FAFC,#272B35,#94A3B8,#4D5059,#D93C3C,#000000,#7B96D5,"code developer engineer programming software, analogous",Dark bg + code cyan [Variant of No.75; Color theory: Analogous; screenshot-guided; AA verified] | Scenario: saas|developer-tools|ai-products; Avoid: —; Origin confidence: 0.65; Recommendation: scenario-first|variant; Evidence: rendered-claimed-no-source.
355,Cybersecurity Platform,#7BD592,#0F172A,#78BF9F,#0F172A,#92D68A,#0F172A,#101711,#E0E0E0,#19211B,#E0E0E0,#27352B,#94A3B8,#48544C,#D93C3C,#000000,#7BD592,"hacking privacy protection security, analogous",Matrix green + alert red [Variant of No.76; Color theory: Analogous; screenshot-guided; AA verified] | Scenario: cybersecurity-platform; Avoid: —; Origin confidence: 0.65; Recommendation: scenario-first|variant; Evidence: rendered-claimed-no-source.
358,Space Tech / Aerospace,#A0B2C5,#0F172A,#9299B0,#0F172A,#A4C7CC,#0F172A,#111315,#F8FAFC,#1A1D20,#F8FAFC,#282E33,#94A3B8,#4D5357,#D93C3C,#000000,#A0B2C5,"aerospace rocket satellite, morandi",Star white + launch blue [Variant of No.79; Color theory: Morandi; screenshot-guided; AA verified] | Scenario: space-tech-aerospace; Avoid: —; Origin confidence: 0.65; Recommendation: scenario-first|variant; Evidence: rendered-claimed-no-source.
359,Architecture / Interior,#42506C,#FFFFFF,#565976,#FFFFFF,#3B5C68,#FFFFFF,#F4F1EB,#171717,#FFFEFA,#171717,#DCDFE4,#536278,#B9BBBF,#DC2626,#FFFFFF,#42506C,"architecture building construction decoration design home interior room, morandi",Minimal black + accent gold [Accent adjusted from #D4AF37 for WCAG 3:1] [Variant of No.80; Color theory: Morandi; screenshot-guided; AA verified] | Scenario: home-interior|hospitality|lifestyle; Avoid: —; Origin confidence: 0.65; Recommendation: scenario-first|variant; Evidence: rendered-claimed-no-source.
360,Quantum Computing Interface,#7BD5D5,#0F172A,#78AABF,#0F172A,#8AD6BA,#0F172A,#101717,#E0E0FF,#192121,#E0E0FF,#273535,#94A3B8,#485459,#D93C3C,#000000,#7BD5D5,"quantum computing science research simulation algorithm, analogous",Quantum cyan + interference purple [Variant of No.81; Color theory: Analogous; screenshot-guided; AA verified] | Scenario: quantum-computing-interface; Avoid: —; Origin confidence: 0.65; Recommendation: scenario-first|variant; Evidence: rendered-claimed-no-source.
363,Generative Art Platform,#242499,#FFFFFF,#593E98,#FFFFFF,#8E8F22,#09090B,#F7F7F5,#09090B,#FFFFFF,#09090B,#E9EBE8,#5A6A7F,#C1C2C0,#DC2626,#FFFFFF,#242499,"generative art creative algorithm procedural artistic, complementary",Canvas neutral + creative pink [Variant of No.84; Color theory: Complementary; screenshot-guided; AA verified] | Scenario: generative-art-platform; Avoid: —; Origin confidence: 0.65; Recommendation: scenario-first|variant; Evidence: rendered-claimed-no-source.
364,Spatial Computing OS / App,#A0AFC5,#0F172A,#9297B0,#0F172A,#A4C4CC,#0F172A,#111315,#807E7B,#1A1D20,#878582,#282D33,#91959A,#383C40,#995754,#FFFFFF,#A0AFC5,"spatial computing vr ar mixed reality 3d immersive, morandi",Glass white + system blue [Accent adjusted from #007AFF for WCAG 3:1] [Variant of No.85; Color theory: Morandi; screenshot-guided; AA verified] | Scenario: spatial-computing-os-app; Avoid: —; Origin confidence: 0.65; Recommendation: scenario-first|variant; Evidence: rendered-claimed-no-source.
365,Sustainable Energy / Climate Tech,#2B886B,#000000,#438E8E,#0F172A,#2C7D46,#FFFFFF,#F5F7F6,#064E3B,#FFFFFF,#064E3B,#E3E8E6,#59677E,#BBCCC7,#DC2626,#FFFFFF,#2B886B,"clean climate eco energy green power solar sustainable, analogous",Nature green + solar gold [Accent adjusted from #FBBF24 for WCAG 3:1]; bg neutralized [Variant of No.86; Color theory: Analogous; screenshot-guided; AA verified] | Scenario: saas|developer-tools|ai-products; Avoid: —; Origin confidence: 0.65; Recommendation: scenario-first|variant; Evidence: rendered-claimed-no-source.
366,Personal Finance Tracker,#7B90D5,#0F172A,#7C78BF,#000000,#8AB8D6,#0F172A,#101117,#FFFFFF,#191B21,#FFFFFF,#272A35,#94A3B8,#4E5059,#DC2626,#FFFFFF,#7B90D5,"bank banking financial fintech money, analogous",Professional blue + finance amber [Variant of No.87; Color theory: Analogous; screenshot-guided; AA verified] | Scenario: finance|banking|wealth-management; Avoid: —; Origin confidence: 0.65; Recommendation: scenario-first|variant; Evidence: rendered-claimed-no-source.
369,Habit Tracker,#885D2B,#FFFFFF,#8E8243,#0F172A,#7D3A2C,#FFFFFF,#F7F6F5,#0F172A,#FFFFFF,#0F172A,#E8E6E3,#58677E,#C1C1C2,#DC2626,#FFFFFF,#885D2B,"daily discipline goal routine tracker, analogous",Amber + focus blue [bg neutralized from #FFFBEB; cream moved to Card surface] [Variant of No.90; Color theory: Analogous; screenshot-guided; AA verified] | Scenario: saas|developer-tools|ai-products; Avoid: —; Origin confidence: 0.65; Recommendation: scenario-first|variant; Evidence: rendered-claimed-no-source.
370,Food Delivery / On-Demand,#994C24,#FFFFFF,#98783E,#000000,#226B91,#FFFFFF,#F7F7F5,#0F172A,#FFFFFF,#0F172A,#E9EBE8,#5B6980,#C2C5C6,#DC2626,#FFFFFF,#994C24,"cooking courier cuisine dining eat logistics meal recipe restaurant shipping transport, complementary",Appetizing orange + trust blue [Variant of No.91; Color theory: Complementary; screenshot-guided; AA verified] | Scenario: food-delivery-on-demand; Avoid: —; Origin confidence: 0.65; Recommendation: scenario-first|variant; Evidence: rendered-claimed-no-source.
371,Ride Hailing / Transportation,#7B9FD5,#0F172A,#787EBF,#0F172A,#8AC4D6,#0F172A,#101217,#FFFFFF,#191C21,#FFFFFF,#272C35,#94A3B8,#4E5259,#DC2626,#FFFFFF,#7B9FD5,"ride hailing taxi cab transportation sharing uber, analogous",Map dark + route blue [Variant of No.92; Color theory: Analogous; screenshot-guided; AA verified] | Scenario: saas|developer-tools|ai-products; Avoid: —; Origin confidence: 0.65; Recommendation: scenario-first|variant; Evidence: rendered-claimed-no-source.
373,Meditation & Mindfulness,#42626C,#FFFFFF,#566776,#FFFFFF,#3B6861,#FFFFFF,#F4F1EB,#164E63,#FFFEFA,#164E63,#DCE2E4,#55637A,#B8C7CD,#DC2626,#FFFFFF,#42626C,"calm mindfulness peaceful relax zen, morandi",Deep ocean + warm amber glow; bg neutralized [Variant of No.94; Color theory: Morandi; screenshot-guided; AA verified] | Scenario: meditation-mindfulness; Avoid: high-energy-gaming|flash-sale; Origin confidence: 0.65; Recommendation: scenario-first|variant; Evidence: rendered-claimed-no-source.
375,Diary & Journal App,#6C5242,#FFFFFF,#766A56,#FFFFFF,#683B3C,#FFFFFF,#F4F1EB,#0F172A,#FFFEFA,#0F172A,#E4DFDC,#55637A,#BEBBBC,#DC2626,#FFFFFF,#6C5242,"daily diary journal notes personal writing, morandi",Warm journal brown + ink violet [Variant of No.96; Color theory: Morandi; screenshot-guided; AA verified] | Scenario: saas|developer-tools|ai-products; Avoid: —; Origin confidence: 0.65; Recommendation: scenario-first|variant; Evidence: rendered-claimed-no-source.
379,Booking & Appointment App,#2B6788,#FFFFFF,#435D8E,#FFFFFF,#2C7D7C,#FFFFFF,#F5F6F7,#0F172A,#FFFFFF,#0F172A,#E3E6E8,#58667D,#BDC1C6,#DC2626,#FFFFFF,#2B6788,"appointment reservation schedule, analogous",Blue + green accent [Primary/Accent darkened for WCAG]; bg neutralized [Variant of No.100; Color theory: Analogous; screenshot-guided; AA verified] | Scenario: booking-appointment-app; Avoid: —; Origin confidence: 0.65; Recommendation: scenario-first|variant; Evidence: rendered-claimed-no-source.
381,Grocery & Shopping List,#2B886B,#000000,#438E8E,#0F172A,#2C7D46,#FFFFFF,#F5F7F6,#0F172A,#FFFFFF,#0F172A,#E3E8E6,#58677D,#BDC2C4,#DC2626,#FFFFFF,#2B886B,"buy ecommerce food list mall market retail shop shopping store supermarket, analogous",Fresh green + food amber; bg neutralized [Variant of No.102; Color theory: Analogous; screenshot-guided; AA verified] | Scenario: saas|developer-tools|ai-products; Avoid: —; Origin confidence: 0.65; Recommendation: scenario-first|variant; Evidence: rendered-claimed-no-source.
382,Timer & Pomodoro,#D57B7B,#0F172A,#BF8D78,#0F172A,#D68AA6,#0F172A,#171010,#FFFFFF,#211919,#FFFFFF,#352727,#94A3B8,#594E4E,#A05959,#FFFFFF,#D57B7B,"clock countdown focus pomodoro productivity, analogous",Energy red + focus blue [Variant of No.103; Color theory: Analogous; screenshot-guided; AA verified] | Scenario: timer-pomodoro; Avoid: —; Origin confidence: 0.65; Recommendation: scenario-first|variant; Evidence: rendered-claimed-no-source.
383,Parenting & Baby Tracker,#882B59,#FFFFFF,#8E4352,#FFFFFF,#7D2C72,#FFFFFF,#F7F5F6,#0F172A,#FFFFFF,#0F172A,#E8E3E5,#57667C,#C1BEC3,#DC2626,#FFFFFF,#882B59,"baby child family infant newborn parent parenting toddler, analogous",Soft pink + trust blue [Variant of No.104; Color theory: Analogous; screenshot-guided; AA verified] | Scenario: education|learning|childcare; Avoid: —; Origin confidence: 0.65; Recommendation: scenario-first|variant; Evidence: rendered-claimed-no-source.
388,Voice Recorder & Memo,#882B2B,#FFFFFF,#8E5943,#FFFFFF,#7D2C49,#FFFFFF,#F7F5F5,#0F172A,#FFFFFF,#0F172A,#E8E3E3,#57667B,#C1BEC2,#9F2F32,#FFFFFF,#882B2B,"audio recording sound speech, analogous",Recording red + waveform blue [Variant of No.109; Color theory: Analogous; screenshot-guided; AA verified] | Scenario: voice-recorder-memo; Avoid: —; Origin confidence: 0.65; Recommendation: scenario-first|variant; Evidence: rendered-claimed-no-source.
391,Calculator & Unit Converter,#D59A7B,#0F172A,#BFA678,#0F172A,#D68A8C,#0F172A,#171210,#FFFFFF,#211C19,#FFFFFF,#352C27,#95A4B8,#59524E,#DC2626,#FFFFFF,#D59A7B,"compute converter math, analogous",Operation orange on dark [Variant of No.112; Color theory: Analogous; screenshot-guided; AA verified] | Scenario: calculator-unit-converter; Avoid: —; Origin confidence: 0.65; Recommendation: scenario-first|variant; Evidence: rendered-claimed-no-source.
392,Alarm & World Clock,#D5AC7B,#0F172A,#BFB478,#0F172A,#D6978A,#0F172A,#171310,#FFFFFF,#211E19,#FFFFFF,#352E27,#94A3B8,#59544E,#DC2626,#FFFFFF,#D5AC7B,"alert clock reminder time wake, analogous",Time amber + night indigo on dark [Variant of No.113; Color theory: Analogous; screenshot-guided; AA verified] | Scenario: alarm-world-clock; Avoid: —; Origin confidence: 0.65; Recommendation: scenario-first|variant; Evidence: rendered-claimed-no-source.
394,Casual Puzzle Game,#99245E,#FFFFFF,#983E50,#FFFFFF,#22915A,#000000,#F7F7F5,#0F172A,#FFFFFF,#0F172A,#E9EBE8,#5B6980,#C2C5C6,#DC2626,#FFFFFF,#99245E,"arcade brain challenge easy entertainment fun game gaming light play puzzle relaxed simple trivia, complementary",Cheerful pink + reward gold [Variant of No.116; Color theory: Complementary; screenshot-guided; AA verified] | Scenario: saas|developer-tools|ai-products; Avoid: —; Origin confidence: 0.65; Recommendation: scenario-first|variant; Evidence: rendered-claimed-no-source.
395,Trivia & Quiz Game,#244899,#FFFFFF,#3E3F98,#FFFFFF,#916E22,#FFFFFF,#F7F7F5,#0F172A,#FFFFFF,#0F172A,#E9EBE8,#5B6980,#C2C5C6,#DC2626,#FFFFFF,#244899,"answer arcade entertainment fun gaming knowledge play puzzle question quiz, complementary",Quiz blue + gold leaderboard [Variant of No.117; Color theory: Complementary; screenshot-guided; AA verified] | Scenario: saas|developer-tools|ai-products; Avoid: —; Origin confidence: 0.65; Recommendation: scenario-first|variant; Evidence: rendered-claimed-no-source.
396,Card & Board Game,#73DE9B,#0F172A,#72C5AA,#0F172A,#DF77B8,#0F172A,#0F1115,#FFFFFF,#171A20,#FFFFFF,#252932,#94A3B8,#4C5057,#DC2626,#FFFFFF,#73DE9B,"arcade board classic entertainment fun gaming play puzzle strategy table, complementary",Felt green + gold on dark [Variant of No.118; Color theory: Complementary; screenshot-guided; AA verified] | Scenario: saas|developer-tools|ai-products; Avoid: —; Origin confidence: 0.65; Recommendation: scenario-first|variant; Evidence: rendered-claimed-no-source.
397,Idle & Clicker Game,#996324,#FFFFFF,#988A3E,#0F172A,#225591,#FFFFFF,#F7F7F5,#0F172A,#FFFFFF,#0F172A,#E9EBE8,#5B6980,#C2C5C6,#DC2626,#FFFFFF,#996324,"arcade clicker entertainment fun gaming incremental play puzzle simple tap, complementary",Coin gold + prestige purple [Variant of No.119; Color theory: Complementary; screenshot-guided; AA verified] | Scenario: saas|developer-tools|ai-products; Avoid: —; Origin confidence: 0.65; Recommendation: scenario-first|variant; Evidence: rendered-claimed-no-source.
398,Word & Crossword Game,#249950,#0F172A,#3E987B,#0F172A,#912267,#FFFFFF,#F7F7F5,#0F172A,#FFFFFF,#0F172A,#E9EBE8,#5A6980,#C2C5C6,#DC2626,#FFFFFF,#249950,"arcade crossword entertainment fun gaming play puzzle spell text vocabulary, complementary",Word green + letter amber [Variant of No.120; Color theory: Complementary; screenshot-guided; AA verified] | Scenario: saas|developer-tools|ai-products; Avoid: —; Origin confidence: 0.65; Recommendation: scenario-first|variant; Evidence: rendered-claimed-no-source.
399,Arcade & Retro Game,#DE7373,#0F172A,#C58B72,#0F172A,#77DFDF,#0F172A,#0F1115,#FFFFFF,#171A20,#FFFFFF,#252932,#94A3B8,#4C5057,#A05959,#FFFFFF,#DE7373,"arcade classic entertainment fun gaming nostalgic pixel play puzzle retro, complementary",Arcade red + retro yellow [Variant of No.121; Color theory: Complementary; screenshot-guided; AA verified] | Scenario: saas|developer-tools|ai-products; Avoid: —; Origin confidence: 0.65; Recommendation: scenario-first|variant; Evidence: rendered-claimed-no-source.
400,Photo Editor & Filters,#9B73DE,#0F172A,#AA72C5,#0F172A,#B8DF77,#0F172A,#0F1115,#FFFFFF,#171A20,#FFFFFF,#252932,#94A3B8,#4C5057,#DC2626,#FFFFFF,#9B73DE,"camera capture image photography picture, complementary",Editor violet + filter cyan on dark [Variant of No.122; Color theory: Complementary; screenshot-guided; AA verified] | Scenario: photo-editor-filters; Avoid: —; Origin confidence: 0.65; Recommendation: scenario-first|variant; Evidence: rendered-claimed-no-source.
401,Short Video Editor,#DE73A8,#0F172A,#C57282,#0F172A,#77DFAB,#0F172A,#0F1115,#FFFFFF,#171A20,#FFFFFF,#252932,#94A3B8,#4C5057,#DC2626,#FFFFFF,#DE73A8,"clip film movie recording streaming, complementary",Video pink on dark + timeline blue [Variant of No.123; Color theory: Complementary; screenshot-guided; AA verified] | Scenario: short-video-editor; Avoid: —; Origin confidence: 0.65; Recommendation: scenario-first|variant; Evidence: rendered-claimed-no-source.
405,AI Photo & Avatar Generator,#248299,#000000,#3E6B98,#FFFFFF,#913822,#FFFFFF,#F7F7F5,#164E63,#FFFFFF,#164E63,#E9EBE8,#5B6980,#C2CED0,#DC2626,#FFFFFF,#248299,"camera capture character face image photography picture portrait selfie, complementary",Creative cyan + generation pink [Variant of No.127; Color theory: Complementary; screenshot-guided; AA verified] | Scenario: saas|developer-tools|ai-products; Avoid: —; Origin confidence: 0.65; Recommendation: scenario-first|variant; Evidence: rendered-claimed-no-source.
406,Wardrobe & Outfit Planner,#6C4253,#FFFFFF,#76565C,#FFFFFF,#683B60,#FFFFFF,#F4F1EB,#0F172A,#FFFEFA,#0F172A,#E4DCE0,#536278,#BEB9BF,#DC2626,#FFFFFF,#6C4253,"clothing dress fashion outfit style wardrobe, morandi",Fashion rose + gold accent [Variant of No.129; Color theory: Morandi; screenshot-guided; AA verified] | Scenario: wardrobe-outfit-planner; Avoid: —; Origin confidence: 0.65; Recommendation: scenario-first|variant; Evidence: rendered-claimed-no-source.
407,Plant Care Tracker,#426C51,#FFFFFF,#567669,#FFFFFF,#3C683B,#FFFFFF,#F4F1EB,#0F172A,#FFFEFA,#0F172A,#DCE4DF,#56647B,#B7BFBE,#DC2626,#FFFFFF,#426C51,"floral flower garden green nature, morandi",Nature green + sun yellow; bg neutralized [Variant of No.130; Color theory: Morandi; screenshot-guided; AA verified] | Scenario: plant-care-tracker; Avoid: —; Origin confidence: 0.65; Recommendation: scenario-first|variant; Evidence: rendered-claimed-no-source.
414,Sleep Tracker,#A3A0C5,#0F172A,#9B92B0,#0F172A,#A4B1CC,#0F172A,#111115,#FFFFFF,#1B1A20,#FFFFFF,#292833,#94A3B8,#504F58,#DC2626,#FFFFFF,#A3A0C5,"bedtime insomnia night rest, morandi",Night indigo + dream violet on dark [Variant of No.138; Color theory: Morandi; screenshot-guided; AA verified] | Scenario: sleep-tracker; Avoid: —; Origin confidence: 0.65; Recommendation: scenario-first|variant; Evidence: rendered-claimed-no-source.
423,Coding Challenge & Practice,#7BD59C,#0F172A,#78BFA8,#0F172A,#8AD68A,#0F172A,#101712,#FFFFFF,#19211C,#FFFFFF,#27352C,#94A3B8,#4E5952,#DC2626,#FFFFFF,#7BD59C,"code developer engineer programming software, analogous",Code green + difficulty amber on dark [Variant of No.147; Color theory: Analogous; screenshot-guided; AA verified] | Scenario: saas|developer-tools|ai-products; Avoid: —; Origin confidence: 0.65; Recommendation: scenario-first|variant; Evidence: rendered-claimed-no-source.
425,Public Transit Guide,#2B4888,#FFFFFF,#43448E,#FFFFFF,#2C637D,#FFFFFF,#F5F6F7,#0F172A,#FFFFFF,#0F172A,#E3E5E8,#58667D,#BDC0C6,#DC2626,#FFFFFF,#2B4888,"bus commute metro public subway train, analogous",Transit blue + line colors [Variant of No.151; Color theory: Analogous; screenshot-guided; AA verified] | Scenario: saas|developer-tools|ai-products; Avoid: —; Origin confidence: 0.65; Recommendation: scenario-first|variant; Evidence: rendered-claimed-no-source.
426,Road Trip Planner,#884A2B,#FFFFFF,#8E7343,#000000,#7D2C2E,#FFFFFF,#F7F6F5,#0F172A,#FFFFFF,#0F172A,#E8E5E3,#58667D,#C1C0C2,#DC2626,#FFFFFF,#884A2B,"car driving highway route travel trip, analogous",Adventure orange + map teal [Variant of No.152; Color theory: Analogous; screenshot-guided; AA verified] | Scenario: road-trip-planner; Avoid: —; Origin confidence: 0.65; Recommendation: scenario-first|variant; Evidence: rendered-claimed-no-source.
428,Emergency SOS & Safety,#992424,#FFFFFF,#98593E,#FFFFFF,#229191,#0F172A,#F7F7F5,#0F172A,#FFFFFF,#0F172A,#E9EBE8,#5A6A7F,#C2C5C6,#DC2626,#FFFFFF,#992424,"alert crisis safety sos urgent, complementary",Alert red + safety blue [Variant of No.154; Color theory: Complementary; screenshot-guided; AA verified] | Scenario: emergency-sos-safety; Avoid: —; Origin confidence: 0.65; Recommendation: scenario-first|variant; Evidence: rendered-claimed-no-source.
430,White Noise & Ambient Sound,#A0AFC5,#0F172A,#9297B0,#0F172A,#A4C4CC,#0F172A,#111315,#FFFFFF,#1A1D20,#FFFFFF,#282D33,#94A3B8,#4F5358,#DC2626,#FFFFFF,#A0AFC5,"ambient noise relax sleep sound, morandi",Ambient grey + deep indigo on dark [Variant of No.156; Color theory: Morandi; screenshot-guided; AA verified] | Scenario: white-noise-ambient-sound; Avoid: —; Origin confidence: 0.65; Recommendation: scenario-first|variant; Evidence: rendered-claimed-no-source.
431,Luxury Fashion / Editorial,#342D2A,#FFFFFF,#76625A,#FFFFFF,#9A5A2C,#FFFFFF,#F7F2EC,#211B18,#FFFCF8,#211B18,#E9E0D7,#5E514A,#D5C6BA,#B4233D,#FFFFFF,#8A4F2A,apparel atelier boutique editorial fashion luxury premium retail,"Advanced atelier palette — graphite, parchment and burnished leather; AA text pairs and 3:1+ component contrast verified | Scenario: saas|developer-tools|ai-products; Avoid: childcare|mass-market-discount; Origin confidence: 0.8; Recommendation: scenario-first; Evidence: token-only."
432,Fine Dining / Chef's Table,#5C2430,#FFFFFF,#7A4D3B,#FFFFFF,#8D5B18,#FFFFFF,#FBF7F0,#2B1719,#FFFDF8,#2B1719,#ECE2D8,#66544D,#D7C8BA,#B4233D,#FFFFFF,#7B303F,chef culinary dining fine-dining food gastronomy restaurant wine,"Advanced chef's table palette — oxblood, roasted umber and restrained saffron; AA text pairs and 3:1+ component contrast verified | Scenario: fine-dining-chef-s-table; Avoid: —; Origin confidence: 0.8; Recommendation: scenario-first; Evidence: token-only."
433,Boutique Hotel / Retreat,#173F46,#FFFFFF,#527279,#FFFFFF,#92641F,#FFFFFF,#F5F2EA,#17272A,#FFFEF9,#17272A,#E4E3D8,#536361,#C9D0C7,#B4233D,#FFFFFF,#24606A,accommodation boutique hotel hospitality retreat resort travel wellness,"Advanced retreat palette — deep lagoon, weathered teal and antique brass; AA text pairs and 3:1+ component contrast verified | Scenario: boutique-hotel-retreat; Avoid: high-energy-gaming|flash-sale; Origin confidence: 0.8; Recommendation: scenario-first; Evidence: token-only."
434,Art Museum / Cultural Institution,#4A2636,#FFFFFF,#755766,#FFFFFF,#835E1A,#FFFFFF,#F4F0E8,#2A2023,#FFFCF7,#2A2023,#E7DDD7,#62545A,#D3C4BC,#B4233D,#FFFFFF,#69374E,archive art culture exhibition gallery museum institution,"Advanced cultural palette — archival plum, dusty rose and patinated gilt; AA text pairs and 3:1+ component contrast verified | Scenario: art-museum-cultural-institution; Avoid: —; Origin confidence: 0.8; Recommendation: scenario-first; Evidence: token-only."
435,Architecture / Interior (Material),#292B28,#FFFFFF,#5D655F,#FFFFFF,#356B60,#FFFFFF,#F4F2ED,#212420,#FFFDF8,#212420,#E3E5DF,#59615A,#C9CEC6,#B4233D,#FFFFFF,#3E6457,architecture construction interior material minimal property spatial,"Advanced material palette — charcoal, mineral gray and oxidized green; AA text pairs and 3:1+ component contrast verified | Scenario: home-interior|hospitality|lifestyle; Avoid: —; Origin confidence: 0.8; Recommendation: scenario-first; Evidence: token-only."
436,Premium Skincare / Beauty,#6B3B4A,#FFFFFF,#8C6870,#FFFFFF,#3D7065,#FFFFFF,#FCF6F2,#2B2023,#FFFCFA,#2B2023,#EFE1E2,#66545A,#E0C9CC,#B4233D,#FFFFFF,#814A5A,beauty cosmetic premium skincare spa wellness selfcare,"Advanced skincare palette — mulberry, muted rose and herb-green balance; AA text pairs and 3:1+ component contrast verified | Scenario: premium-skincare-beauty; Avoid: childcare|mass-market-discount|high-energy-gaming|flash-sale; Origin confidence: 0.8; Recommendation: scenario-first; Evidence: token-only."
437,Jewelry / Fine Goods,#28283D,#FFFFFF,#565B77,#FFFFFF,#8D651E,#FFFFFF,#F5F2EB,#242433,#FFFEFA,#242433,#E5E3E2,#5D5F6E,#CFCED3,#B4233D,#FFFFFF,#4B4F79,boutique fine-goods jewelry luxury premium watch,"Advanced fine-goods palette — midnight indigo, pewter and antique gold; AA text pairs and 3:1+ component contrast verified | Scenario: jewelry-fine-goods; Avoid: childcare|mass-market-discount; Origin confidence: 0.8; Recommendation: scenario-first; Evidence: token-only."
438,High-End Audio / Listening,#242B36,#FFFFFF,#566574,#FFFFFF,#A54A2A,#FFFFFF,#F3F1ED,#1F2933,#FCFBF8,#1F2933,#E1E3E3,#56616B,#C9D0D2,#B4233D,#FFFFFF,#3A5268,audio headphones hi-fi listening music premium sound speaker,"Advanced listening palette — studio charcoal, blue steel and copper signal; AA text pairs and 3:1+ component contrast verified | Scenario: high-end-audio-listening; Avoid: childcare|mass-market-discount; Origin confidence: 0.8; Recommendation: scenario-first; Evidence: token-only."
439,Boutique Winery / Cellar,#572638,#FFFFFF,#7A5261,#FFFFFF,#85621E,#FFFFFF,#F8F4EE,#2D1F24,#FFFDF9,#2D1F24,#EADDE0,#67565B,#D9C5CA,#B4233D,#FFFFFF,#71364B,cellar craft drink food premium vineyard wine winery,"Advanced cellar palette — merlot, dusty grape and cellar brass; AA text pairs and 3:1+ component contrast verified | Scenario: boutique-winery-cellar; Avoid: childcare|mass-market-discount; Origin confidence: 0.8; Recommendation: scenario-first; Evidence: token-only."
440,Concept Store / Lifestyle,#28382F,#FFFFFF,#566554,#FFFFFF,#A8582A,#FFFFFF,#F7F4ED,#243129,#FFFDF7,#243129,#E4E6DE,#586259,#CBD1C5,#B4233D,#FFFFFF,#3A5144,concept lifestyle premium retail shop studio sustainable,"Advanced concept-store palette — ink green, moss and clay-orange punctuation; AA text pairs and 3:1+ component contrast verified | Scenario: saas|developer-tools|ai-products; Avoid: childcare|mass-market-discount; Origin confidence: 0.8; Recommendation: scenario-first; Evidence: token-only."
441,Cultural Technology / Immersive,#7147B8,#FFFFFF,#3A3376,#FFFFFF,#23B7A5,#0F172A,#13111C,#F7F4FF,#201C2C,#F7F4FF,#2B263B,#C9C3D9,#403759,#D8556C,#0F172A,#A777E3,culture digital immersive installation media new-tech spatial,"Advanced immersive palette — ultraviolet, deep indigo and luminous teal on gallery black; AA text pairs and 3:1+ component contrast verified | Scenario: cultural-technology-immersive; Avoid: —; Origin confidence: 0.8; Recommendation: scenario-first; Evidence: token-only."
442,Climate Intelligence / Research,#214F4D,#FFFFFF,#5B776B,#FFFFFF,#98661E,#FFFFFF,#F2F3EE,#1D2A28,#FAFBF6,#1D2A28,#E1E6DE,#56635B,#C5D0C5,#B4233D,#FFFFFF,#356962,climate data energy environment intelligence research science sustainability,"Advanced climate palette — field-green, lichen gray and disciplined ochre; AA text pairs and 3:1+ component contrast verified | Scenario: saas|developer-tools|ai-products; Avoid: —; Origin confidence: 0.8; Recommendation: scenario-first; Evidence: token-only."
443,Style — High-End Neutral-Led (Light),#2E2A28,#FFFFFF,#6B625C,#FFFFFF,#A25C2A,#FFFFFF,#F8F6F1,#231F1D,#FFFCF8,#231F1D,#EAE5DD,#615851,#D6CEC4,#B4233D,#FFFFFF,#874A24,high-end luxury neutral-led editorial gallery minimal premium restrained primary-under-10,"Style preset: neutral-led, light, restrained. Agent usage: neutral surfaces dominate; primary is limited to CTA, focus and selection. AA text pairs and 3:1+ component contrast verified | Scenario: saas|developer-tools|ai-products; Avoid: childcare|mass-market-discount; Origin confidence: 0.9; Recommendation: style-first; Evidence: token-only."
444,Style — High-End Dark Luxe,#B88B35,#0F172A,#596476,#FFFFFF,#AD3D4D,#FFFFFF,#111217,#F6F3ED,#1C1D23,#F6F3ED,#292B31,#BDC0C8,#393C45,#D8556C,#0F172A,#C49A4D,dark-luxe high-end luxury metallic jewelry finance audio premium restrained,"Style preset: dark-luxe, dark, controlled. Agent usage: graphite surfaces dominate; brass is reserved for high-value moments, never for dense text. AA text pairs and 3:1+ component contrast verified | Scenario: finance|banking|wealth-management; Avoid: childcare|mass-market-discount; Origin confidence: 0.9; Recommendation: style-first; Evidence: token-only."
445,Style — Cute Soft Pastel,#B84671,#FFFFFF,#7B5CA7,#FFFFFF,#277367,#FFFFFF,#FFF7FA,#3D2430,#FFFFFF,#3D2430,#F5E3EB,#6E5460,#E8CAD7,#B4233D,#FFFFFF,#CF5A82,cute soft pastel kawaii friendly playful gentle kids lifestyle,"Style preset: cute-soft, light, low-to-controlled chroma. Agent usage: use pastels for surfaces; keep saturated colors to actions, rewards and selected states. AA text pairs and 3:1+ component contrast verified | Scenario: saas|developer-tools|ai-products; Avoid: regulated-finance|clinical-emergency; Origin confidence: 0.9; Recommendation: style-first; Evidence: token-only."
446,Style — Cute Candy Pop,#C63C70,#FFFFFF,#5961BF,#FFFFFF,#A65713,#FFFFFF,#FFF8F2,#3B2730,#FFFFFF,#3B2730,#F9E4D9,#6C5350,#F0CFC0,#B4233D,#FFFFFF,#DE5C89,cute candy pop colorful cheerful youth playful ecommerce social,"Style preset: cute-candy, light, expressive. Agent usage: pink leads rewards and actions; violet supports navigation; orange marks limited highlights. AA text pairs and 3:1+ component contrast verified | Scenario: cross-industry; Avoid: regulated-finance|clinical-emergency; Origin confidence: 0.9; Recommendation: style-first; Evidence: token-only."
447,Style — Dopamine Playful,#6B36D1,#FFFFFF,#B83259,#FFFFFF,#17806E,#FFFFFF,#FFFDF5,#281C3D,#FFFFFF,#281C3D,#F1EAF8,#625477,#DED2EC,#B4233D,#FFFFFF,#8752E0,dopamine bold colorful energetic playful campaign creative event youthful,"Style preset: dopamine, light, expressive. Agent usage: use one dominant hue per section; distribute secondary colors as semantic punctuation rather than rainbow surfaces. AA text pairs and 3:1+ component contrast verified | Scenario: saas|developer-tools|ai-products; Avoid: regulated-finance|clinical-emergency; Origin confidence: 0.9; Recommendation: style-first; Evidence: token-only."
448,Style — Natural Healing,#356850,#FFFFFF,#65745A,#FFFFFF,#A46220,#FFFFFF,#F5F4EC,#24322A,#FCFCF6,#24322A,#E2E7DA,#596458,#C8D3C3,#B4233D,#FFFFFF,#4B8065,natural healing botanical organic calm wellness sustainability therapy,"Style preset: natural-crafted, light, restrained. Agent usage: use botanical greens as anchors and ochre only for calls to action or key data emphasis. AA text pairs and 3:1+ component contrast verified | Scenario: saas|developer-tools|ai-products; Avoid: high-energy-gaming|flash-sale; Origin confidence: 0.9; Recommendation: style-first; Evidence: token-only."
449,Style — Warm Editorial,#3A3430,#FFFFFF,#786555,#FFFFFF,#B24D1B,#FFFFFF,#FBF7F1,#2A2521,#FFFDF8,#2A2521,#EDE4D9,#64594F,#DCCFC0,#B4233D,#FFFFFF,#744935,warm editorial paper ink magazine content culture restaurant craft,"Style preset: warm-editorial, light, restrained. Agent usage: paper-white and ink carry content; burnt orange is an editorial marker, not a page fill. AA text pairs and 3:1+ component contrast verified | Scenario: cross-industry; Avoid: —; Origin confidence: 0.9; Recommendation: style-first; Evidence: token-only."
450,Style — Quiet Minimal,#36383B,#FFFFFF,#697077,#FFFFFF,#256E8A,#FFFFFF,#F7F8F8,#202326,#FFFFFF,#202326,#E6E8E9,#5D656B,#D0D5D7,#B4233D,#FFFFFF,#4B555C,quiet minimal monochrome neutral-led portfolio architecture product restrained,"Style preset: quiet-minimal, light, restrained. Agent usage: gray scale establishes hierarchy; blue only indicates interaction, active state and focus. AA text pairs and 3:1+ component contrast verified | Scenario: saas|developer-tools|ai-products; Avoid: —; Origin confidence: 0.9; Recommendation: style-first; Evidence: token-only."
451,Style — Airy Light Tech,#1B6590,#FFFFFF,#3F7C9B,#FFFFFF,#3D776B,#FFFFFF,#F4F8FA,#18313D,#FFFFFF,#18313D,#E1EDF1,#506873,#C7DCE4,#B4233D,#FFFFFF,#2A789E,light-tech airy clean functional saas ai healthcare finance dashboard,"Style preset: clean-functional, light, controlled. Agent usage: use light blue-gray surfaces for information density; cyan-teal only expresses actions and status. AA text pairs and 3:1+ component contrast verified | Scenario: finance|banking|wealth-management; Avoid: high-energy-gaming|flash-sale; Origin confidence: 0.9; Recommendation: style-first; Evidence: token-only."
452,Style — Dark Future,#8658D3,#FFFFFF,#2B4C92,#FFFFFF,#11A491,#0F172A,#0D0F18,#F3F5FF,#191C2A,#F3F5FF,#272A3A,#B6BDD4,#393F56,#D8556C,#0F172A,#A27AEA,dark future neo cyber futuristic immersive ai gaming digital expressive,"Style preset: dark-tech, dark, expressive. Agent usage: deep navy surfaces ground the UI; violet and teal are signal colors for actions, data and spatial accents. AA text pairs and 3:1+ component contrast verified | Scenario: saas|developer-tools|ai-products; Avoid: —; Origin confidence: 0.9; Recommendation: style-first; Evidence: token-only."
453,Style — Modern Retro,#8C4B2E,#FFFFFF,#6E6560,#FFFFFF,#2E6D72,#FFFFFF,#F6EFE6,#302723,#FFFCF6,#302723,#E8DCCF,#675B54,#D7C5B5,#B4233D,#FFFFFF,#A66040,modern retro analog warm nostalgic craft travel food lifestyle,"Style preset: modern-retro, light, controlled. Agent usage: warm cream dominates; rust identifies action; teal is a sparse balancing accent. AA text pairs and 3:1+ component contrast verified | Scenario: cross-industry; Avoid: —; Origin confidence: 0.9; Recommendation: style-first; Evidence: token-only."
454,Style — Friendly Gamified,#4B7D18,#FFFFFF,#B84770,#FFFFFF,#237A94,#FFFFFF,#FFFDF4,#26351E,#FFFFFF,#26351E,#E7F0D8,#56634D,#D2E0BD,#B4233D,#FFFFFF,#669D2C,friendly gamified reward playful education habit kids productivity community,"Style preset: friendly-gamified, light, expressive. Agent usage: green establishes progress; pink is reward and celebration; blue supports secondary actions and information. AA text pairs and 3:1+ component contrast verified | Scenario: education|learning|childcare; Avoid: regulated-finance|clinical-emergency; Origin confidence: 0.9; Recommendation: style-first; Evidence: token-only."
455,Style — Sport Performance,#B64421,#FFFFFF,#304C65,#FFFFFF,#407A32,#FFFFFF,#F7F7F3,#202A30,#FFFFFF,#202A30,#E5E8E5,#5D6767,#CED6D2,#B4233D,#FFFFFF,#C7562E,sport performance athletic outdoor fitness running training energetic functional,"Style preset: sport-performance, light, crisp. Agent usage: warm red-orange carries primary action; navy structures data and navigation; green is reserved for completion and progress. AA text pairs and 3:1+ component contrast verified | Scenario: saas|developer-tools|ai-products; Avoid: —; Origin confidence: 0.9; Recommendation: style-first; Evidence: token-only."
456,Style — Scandinavian Fresh,#355F68,#FFFFFF,#65766C,#FFFFFF,#A55B2B,#FFFFFF,#F6F7F3,#26332F,#FFFFFF,#26332F,#E1E6E0,#58645D,#C9D2C9,#B4233D,#FFFFFF,#477B7E,scandinavian nordic fresh minimal home lifestyle calm natural light,"Style preset: scandinavian-fresh, light, restrained. Agent usage: soft off-white provides the field; blue-green defines interaction; terracotta is a rare warm focal point. AA text pairs and 3:1+ component contrast verified | Scenario: home-interior|hospitality|lifestyle; Avoid: high-energy-gaming|flash-sale; Origin confidence: 0.9; Recommendation: style-first; Evidence: token-only."
457,Style — French Romantic,#964C61,#FFFFFF,#87616C,#FFFFFF,#836B23,#FFFFFF,#FCF5F3,#38262B,#FFFDFC,#38262B,#F0E0E3,#6A565C,#E0C6CC,#B4233D,#FFFFFF,#B8667B,french romantic elegant floral beauty wedding boutique lifestyle warm,"Style preset: french-romantic, light, controlled. Agent usage: rose is a signature rather than a surface; antique gold only identifies premium details, status and confirmation. AA text pairs and 3:1+ component contrast verified | Scenario: cross-industry; Avoid: childcare|mass-market-discount; Origin confidence: 0.9; Recommendation: style-first; Evidence: token-only."
458,Style — Wedding Celebration,#79566A,#FFFFFF,#756E60,#FFFFFF,#92691F,#FFFFFF,#FBF8F4,#332A2E,#FFFDF9,#332A2E,#ECE4DF,#665B59,#DCD0C8,#B4233D,#FFFFFF,#967086,celebration wedding event invitation ceremony elegant premium romantic,"Style preset: celebration-refined, light, restrained. Agent usage: plum anchors names and formal actions; brass marks milestones, confirmation and premium service moments. AA text pairs and 3:1+ component contrast verified | Scenario: cross-industry; Avoid: childcare|mass-market-discount; Origin confidence: 0.9; Recommendation: style-first; Evidence: token-only."
459,Style — Community Public Good,#216C79,#FFFFFF,#557A66,#FFFFFF,#A3621B,#FFFFFF,#F5F8F5,#20332F,#FFFFFF,#20332F,#E0EAE4,#54655B,#C8D8CE,#B4233D,#FFFFFF,#2F848B,community civic nonprofit public-good education service trust friendly inclusive,"Style preset: community-trust, light, controlled. Agent usage: teal carries direct action and links; green supports participation; ochre is only for achievements and calls for attention. AA text pairs and 3:1+ component contrast verified | Scenario: education|learning|childcare; Avoid: regulated-finance|clinical-emergency; Origin confidence: 0.9; Recommendation: style-first; Evidence: token-only."
460,Style — Urban Street,#2B2D32,#FFFFFF,#51545B,#FFFFFF,#B54720,#FFFFFF,#F5F5F3,#222428,#FFFFFF,#222428,#E1E2E2,#5F6268,#CCCED0,#B4233D,#FFFFFF,#41444B,urban street fashion music culture bold editorial monochrome energetic,"Style preset: urban-street, light, crisp. Agent usage: monochrome controls the layout; burnt orange is a hard-edged accent for releases, CTAs and selected content. AA text pairs and 3:1+ component contrast verified | Scenario: cross-industry; Avoid: —; Origin confidence: 0.9; Recommendation: style-first; Evidence: token-only."
461,Style — Quiet Wealth,#274C5C,#FFFFFF,#60757B,#FFFFFF,#88621F,#FFFFFF,#F5F4EE,#1F2D33,#FFFDF8,#1F2D33,#E3E5DE,#59635F,#CDD4CC,#B4233D,#FFFFFF,#3B6774,wealth finance private-banking professional premium calm refined neutral,"Style preset: quiet-wealth, light, restrained. Agent usage: deep blue-green provides confidence; muted gold is restricted to high-value status, never used as a dominant dashboard surface. AA text pairs and 3:1+ component contrast verified | Scenario: finance|banking|wealth-management; Avoid: childcare|mass-market-discount|high-energy-gaming|flash-sale; Origin confidence: 0.9; Recommendation: style-first; Evidence: token-only."
462,Style — Travel Exploration,#236B8E,#FFFFFF,#56706B,#FFFFFF,#B25D1C,#FFFFFF,#F4F8F6,#21343B,#FFFFFF,#21343B,#DDEBE8,#526763,#C2D9D4,#B4233D,#FFFFFF,#3386A9,travel exploration destination outdoor journey map adventure booking active,"Style preset: travel-exploration, light, controlled. Agent usage: blue navigates maps and planning; earth-orange identifies booking and route milestones; green remains semantic for nature and success. AA text pairs and 3:1+ component contrast verified | Scenario: cross-industry; Avoid: —; Origin confidence: 0.9; Recommendation: style-first; Evidence: token-only."
463,Style — Home Sanctuary,#6A4B39,#FFFFFF,#786F5C,#FFFFFF,#346D63,#FFFFFF,#F9F5ED,#302821,#FFFDF8,#302821,#E8E0D3,#665D52,#D9CCBB,#B4233D,#FFFFFF,#845F48,home interior sanctuary decor hospitality calm warm natural lifestyle,"Style preset: home-sanctuary, light, restrained. Agent usage: warm plaster surfaces dominate; brown is used for stable navigation; deep teal makes sparse interactive anchors. AA text pairs and 3:1+ component contrast verified | Scenario: home-interior|hospitality|lifestyle; Avoid: high-energy-gaming|flash-sale; Origin confidence: 0.9; Recommendation: style-first; Evidence: token-only."
464,Style — Healthcare Human,#1D7080,#FFFFFF,#477B79,#FFFFFF,#985840,#FFFFFF,#F5F8F7,#203438,#FFFFFF,#203438,#DFECE9,#526763,#C5DAD6,#B4233D,#FFFFFF,#2D8792,healthcare human clinical care wellness service calm trust accessible,"Style preset: healthcare-human, light, controlled. Agent usage: blue-teal leads clarity and safety; warm clay is limited to empathetic highlights, appointment urgency and human moments. AA text pairs and 3:1+ component contrast verified | Scenario: cross-industry; Avoid: high-energy-gaming|flash-sale; Origin confidence: 0.9; Recommendation: style-first; Evidence: token-only."
465,Hue Family — Pink Blush Luxe,#8F425E,#FFFFFF,#7C606B,#FFFFFF,#86621E,#FFFFFF,#FCF7F6,#34242A,#FFFDFC,#34242A,#F0E1E4,#6A555C,#E0C8CE,#B4233D,#FFFFFF,#AA5C79,hue-pink pink-blush rose luxury high-end wedding beauty restrained deep-muted micro,"Hue expression: pink → blush rose; deep, controlled saturation, micro accent. Style fit: high-end, wedding, premium beauty. Agent usage: pink identifies signature actions; brass is limited to premium details. AA text pairs and 3:1+ component contrast verified | Scenario: saas|developer-tools|ai-products; Avoid: childcare|mass-market-discount; Origin confidence: 0.85; Recommendation: hue-first; Evidence: token-only."
466,Hue Family — Pink Candy Pop,#C43F79,#FFFFFF,#625EC2,#FFFFFF,#1E806D,#FFFFFF,#FFF7FA,#3B2531,#FFFFFF,#3B2531,#F5E1EA,#6B5360,#EAC9D8,#B4233D,#FFFFFF,#DD5D92,hue-pink pink-candy magenta cute playful social vivid expressive light-mid,"Hue expression: pink → candy magenta; mid lightness, vivid, expressive. Style fit: cute, playful, social, youth. Agent usage: pink leads rewards and primary actions; violet and teal remain secondary semantic signals. AA text pairs and 3:1+ component contrast verified | Scenario: cross-industry; Avoid: regulated-finance|clinical-emergency; Origin confidence: 0.85; Recommendation: hue-first; Evidence: token-only."
467,Hue Family — Pink Rose Editorial,#A34C57,#FFFFFF,#7D625E,#FFFFFF,#2F6B69,#FFFFFF,#FBF6F1,#352827,#FFFCF8,#352827,#F0E1DC,#6B5752,#E0CBC3,#B4233D,#FFFFFF,#BD6570,hue-pink pink-rose warm editorial food floral content controlled mid micro,"Hue expression: pink → warm rose; medium lightness, controlled chroma, micro accent. Style fit: editorial, floral, food, boutique content. Agent usage: rose punctuates headings and save states; teal provides sparse link and interaction contrast. AA text pairs and 3:1+ component contrast verified | Scenario: cross-industry; Avoid: —; Origin confidence: 0.85; Recommendation: hue-first; Evidence: token-only."
468,Hue Family — Cool Green Signal,#08756F,#FFFFFF,#3C6D85,#FFFFFF,#7650C2,#FFFFFF,#F3F8F8,#1D3336,#FFFFFF,#1D3336,#DCEBE9,#526865,#C3D9D6,#B4233D,#FFFFFF,#16928A,hue-green cool-green teal cyan tech ai saas data controlled functional mid,"Hue expression: green → cool teal; medium lightness, controlled chroma, functional. Style fit: AI, SaaS, data tools, climate intelligence. Agent usage: teal carries system actions and positive status; blue supports information hierarchy; violet is exceptional emphasis. AA text pairs and 3:1+ component contrast verified | Scenario: saas|developer-tools|ai-products; Avoid: —; Origin confidence: 0.85; Recommendation: hue-first; Evidence: token-only."
469,Hue Family — Cool Green Mist,#267A76,#FFFFFF,#5C7A85,#FFFFFF,#A05C37,#FFFFFF,#F3F8F7,#213438,#FFFFFF,#213438,#DFECE9,#526763,#C5DAD6,#B4233D,#FFFFFF,#3A928B,hue-green cool-green seafoam mist healthcare wellness calm controlled light,"Hue expression: green → seafoam teal; light-to-mid, controlled chroma, functional. Style fit: healthcare, wellness, service, calm productivity. Agent usage: cool green communicates care and completion; clay is reserved for empathetic highlights or limited urgency. AA text pairs and 3:1+ component contrast verified | Scenario: cross-industry; Avoid: high-energy-gaming|flash-sale; Origin confidence: 0.85; Recommendation: hue-first; Evidence: token-only."
470,Hue Family — Warm Green Botanical,#496B3E,#FFFFFF,#6F7751,#FFFFFF,#9B6122,#FFFFFF,#F6F5EC,#293127,#FEFDF8,#293127,#E4E7D8,#5A6253,#CCD4C3,#B4233D,#FFFFFF,#5B824D,hue-green warm-green botanical olive natural sustainability organic controlled light,"Hue expression: green → botanical olive; mid-to-deep, controlled chroma, micro accent. Style fit: nature, sustainability, gardening, slow living. Agent usage: warm green anchors navigation and primary action; ochre signals sun, harvest and completion. AA text pairs and 3:1+ component contrast verified | Scenario: saas|developer-tools|ai-products; Avoid: —; Origin confidence: 0.85; Recommendation: hue-first; Evidence: token-only."
471,Hue Family — Warm Green Moss Craft,#626A2B,#FFFFFF,#7A7352,#FFFFFF,#93513A,#FFFFFF,#F7F3E9,#302F23,#FFFDF7,#302F23,#E9E2D3,#655E50,#D7CCB8,#B4233D,#FFFFFF,#767C3A,hue-green warm-green moss olive craft home food retro muted restrained mid,"Hue expression: green → moss olive; mid, muted, restrained. Style fit: craft, home, food, heritage, modern retro. Agent usage: moss creates stable surfaces and labels; rust is a warm editorial accent, not a broad background. AA text pairs and 3:1+ component contrast verified | Scenario: home-interior|hospitality|lifestyle; Avoid: —; Origin confidence: 0.85; Recommendation: hue-first; Evidence: token-only."
472,Home Interior / Biophilic Living,#557A4E,#FFFFFF,#B99768,#241A0D,#B85C45,#FFFFFF,#F5F7F0,#253124,#FFFFFF,#253124,#E3EADF,#586455,#CDD7C7,#B4233D,#FFFFFF,#557A4E,home interior biophilic living plant natural warm green olive calm,Warm-green home set: botanical green leads; brass grounds furniture and craft; terracotta is reserved for tactile actions. AA text pairs and 3:1+ component contrast verified | Scenario: home-interior|hospitality|lifestyle; Avoid: high-energy-gaming|flash-sale; Origin confidence: 0.8; Recommendation: scenario-first; Evidence: token-only.
473,Home Interior / Biophilic Living,#29452C,#FFFFFF,#80653D,#FFFFFF,#C06B4C,#24100A,#18231B,#F2F5ED,#223126,#F2F5ED,#2D3B30,#C2CEC0,#3E5141,#F28B82,#39100D,#6E9A69,home interior biophilic living plant natural warm green olive dark sanctuary,Warm-green dark home set: deep forest surfaces create sanctuary; clay marks only tactile moments and high-attention actions. AA text pairs and 3:1+ component contrast verified | Scenario: home-interior|hospitality|lifestyle; Avoid: high-energy-gaming|flash-sale; Origin confidence: 0.8; Recommendation: scenario-first; Evidence: token-only.
474,Home Interior / Biophilic Living,#687A31,#FFFFFF,#C88B5A,#2B160D,#D4A62A,#2B2103,#FBF8F1,#2D3126,#FFFDF8,#2D3126,#E9E8DA,#616250,#D8D8C4,#B4233D,#FFFFFF,#687A31,home interior kitchen craft warm green olive botanical dining natural,Warm-green craft kitchen set: olive anchors cabinetry and navigation; clay and harvest yellow are compact action accents. AA text pairs and 3:1+ component contrast verified | Scenario: home-interior|hospitality|lifestyle; Avoid: —; Origin confidence: 0.8; Recommendation: scenario-first; Evidence: token-only.
475,Home Interior / Biophilic Living,#365A43,#FFFFFF,#A38B69,#241B10,#A74F3C,#FFFFFF,#202A23,#F3F5EE,#29362C,#F3F5EE,#344237,#C7D0C2,#4B5D4D,#F28B82,#39100D,#78A778,home interior living room sanctuary warm green sage moss craft dark,"Warm-green dark living set: sage signal keeps the dark surface humane; muted clay supports furniture, warmth and intimate calls to action. AA text pairs and 3:1+ component contrast verified | Scenario: home-interior|hospitality|lifestyle; Avoid: high-energy-gaming|flash-sale; Origin confidence: 0.8; Recommendation: scenario-first; Evidence: token-only."
